address,insn,classification,evidence,reason
0x18002d170,94,plugin,"plugin func 0x180028190  0x1800282a6  void __cdecl `anonymous-namespace'; plugin string 'window.slppCatalogReset({});window.slppCatalogProgress(0,{});' | prior=library",references plugin-owned data/function -> plugin code
0x18002d340,67,plugin,plugin func 0x180028190  0x1800282a6  void __cdecl `anonymous-namespace'; plugin string 'window.slppCatalogDone({});' | prior=library,references plugin-owned data/function -> plugin code
0x18002e340,22,plugin,plugin string 'SexLabPPrism' | prior=plugin,references plugin-owned data/function -> plugin code
0x180016d20,17,plugin,plugin func 0x1800136b0  0x180013754  void __cdecl FocusRecovery::`anony | prior=library,references plugin-owned data/function -> plugin code
0x180016c00,2,plugin,plugin func 0x180013760  0x180013911  void __cdecl FocusRecovery::`anony | prior=library,references plugin-owned data/function -> plugin code
0x18002cfc0,2,plugin,plugin func 0x180023e90  0x180024071  void __cdecl `anonymous-namespace' | prior=library,references plugin-owned data/function -> plugin code
0x18002d4a0,2,plugin,plugin func 0x1800246b0  0x180024e18  auto __cdecl `anonymous-namespace' | prior=library,references plugin-owned data/function -> plugin code
0x18002d4e0,2,plugin,plugin func 0x1800255c0  0x1800257d0  void __cdecl `anonymous-namespace' | prior=library,references plugin-owned data/function -> plugin code
0x18002d4d0,1,plugin,plugin func 0x1800261e0  0x18002678f  void __cdecl `anonymous-namespace' | prior=library,references plugin-owned data/function -> plugin code
0x18000d194,356,uncertain,no distinctive reference | prior=library,no plugin/library data or call target in its 356 instructions; cannot be decided from static refs
0x180013a20,349,uncertain,no distinctive reference | prior=library,no plugin/library data or call target in its 349 instructions; cannot be decided from static refs
0x18003fa40,312,uncertain,no distinctive reference | prior=library,no plugin/library data or call target in its 312 instructions; cannot be decided from static refs
0x18003fec0,306,uncertain,no distinctive reference | prior=library,no plugin/library data or call target in its 306 instructions; cannot be decided from static refs
0x1800466d0,183,uncertain,no distinctive reference | prior=library,no plugin/library data or call target in its 183 instructions; cannot be decided from static refs
0x180046910,183,uncertain,no distinctive reference | prior=library,no plugin/library data or call target in its 183 instructions; cannot be decided from static refs
0x18003af80,173,uncertain,no distinctive reference | prior=library,no plugin/library data or call target in its 173 instructions; cannot be decided from static refs
0x1800464d0,166,uncertain,no distinctive reference | prior=library,no plugin/library data or call target in its 166 instructions; cannot be decided from static refs
0x18004ce40,146,uncertain,no distinctive reference | prior=library,no plugin/library data or call target in its 146 instructions; cannot be decided from static refs
0x18003aa1b,136,uncertain,no distinctive reference | prior=library,no plugin/library data or call target in its 136 instructions; cannot be decided from static refs
0x18003eb30,134,uncertain,no distinctive reference | prior=library,no plugin/library data or call target in its 134 instructions; cannot be decided from static refs
0x180005cee,116,uncertain,no distinctive reference | prior=library,no plugin/library data or call target in its 116 instructions; cannot be decided from static refs
0x1800058ad,113,uncertain,no distinctive reference | prior=library,no plugin/library data or call target in its 113 instructions; cannot be decided from static refs
0x1800471ca,111,uncertain,no distinctive reference | prior=library,no plugin/library data or call target in its 111 instructions; cannot be decided from static refs
0x18004d830,102,uncertain,no distinctive reference | prior=plugin,no plugin/library data or call target in its 102 instructions; cannot be decided from static refs
0x180013f20,99,uncertain,no distinctive reference | prior=plugin,no plugin/library data or call target in its 99 instructions; cannot be decided from static refs
0x18003cd9e,93,uncertain,no distinctive reference | prior=library,no plugin/library data or call target in its 93 instructions; cannot be decided from static refs
0x180054970,83,uncertain,no distinctive reference | prior=library,no plugin/library data or call target in its 83 instructions; cannot be decided from static refs
0x180023230,77,uncertain,no distinctive reference | prior=plugin,no plugin/library data or call target in its 77 instructions; cannot be decided from static refs
0x180006110,73,uncertain,no distinctive reference | prior=plugin,no plugin/library data or call target in its 73 instructions; cannot be decided from static refs
0x18003ca10,73,uncertain,no distinctive reference | prior=library,no plugin/library data or call target in its 73 instructions; cannot be decided from static refs
0x180047e5e,73,uncertain,no distinctive reference | prior=library,no plugin/library data or call target in its 73 instructions; cannot be decided from static refs
0x18004dfa0,67,uncertain,no distinctive reference | prior=plugin,no plugin/library data or call target in its 67 instructions; cannot be decided from static refs
0x180016c10,66,uncertain,no distinctive reference | prior=library,no plugin/library data or call target in its 66 instructions; cannot be decided from static refs
0x18003aca0,65,uncertain,no distinctive reference | prior=plugin,no plugin/library data or call target in its 65 instructions; cannot be decided from static refs
0x18003a71d,64,uncertain,no distinctive reference | prior=library,no plugin/library data or call target in its 64 instructions; cannot be decided from static refs
0x180046dea,61,uncertain,no distinctive reference | prior=library,no plugin/library data or call target in its 61 instructions; cannot be decided from static refs
0x180047008,60,uncertain,no distinctive reference | prior=library,no plugin/library data or call target in its 60 instructions; cannot be decided from static refs
0x1800190b0,57,uncertain,no distinctive reference | prior=library,no plugin/library data or call target in its 57 instructions; cannot be decided from static refs
0x180040330,57,uncertain,no distinctive reference | prior=library,no plugin/library data or call target in its 57 instructions; cannot be decided from static refs
0x1800196b0,55,uncertain,no distinctive reference | prior=plugin,no plugin/library data or call target in its 55 instructions; cannot be decided from static refs
0x180044536,55,uncertain,no distinctive reference | prior=library,no plugin/library data or call target in its 55 instructions; cannot be decided from static refs
0x18003a862,54,uncertain,no distinctive reference | prior=library,no plugin/library data or call target in its 54 instructions; cannot be decided from static refs
0x180013920,53,uncertain,no distinctive reference | prior=plugin,no plugin/library data or call target in its 53 instructions; cannot be decided from static refs
0x18002dc00,53,uncertain,no distinctive reference | prior=library,no plugin/library data or call target in its 53 instructions; cannot be decided from static refs
0x1800208bc,52,uncertain,no distinctive reference | prior=library,no plugin/library data or call target in its 52 instructions; cannot be decided from static refs
0x1800403f0,52,uncertain,no distinctive reference | prior=library,no plugin/library data or call target in its 52 instructions; cannot be decided from static refs
0x180012a60,49,uncertain,no distinctive reference | prior=plugin,no plugin/library data or call target in its 49 instructions; cannot be decided from static refs
0x18001e556,49,uncertain,no distinctive reference | prior=library,no plugin/library data or call target in its 49 instructions; cannot be decided from static refs
0x18003e4cd,49,uncertain,no distinctive reference | prior=library,no plugin/library data or call target in its 49 instructions; cannot be decided from static refs
0x18003e63d,49,uncertain,no distinctive reference | prior=library,no plugin/library data or call target in its 49 instructions; cannot be decided from static refs
0x18003e7ad,49,uncertain,no distinctive reference | prior=library,no plugin/library data or call target in its 49 instructions; cannot be decided from static refs
0x18003e91d,49,uncertain,no distinctive reference | prior=library,no plugin/library data or call target in its 49 instructions; cannot be decided from static refs
0x18003ea8d,49,uncertain,no distinctive reference | prior=library,no plugin/library data or call target in its 49 instructions; cannot be decided from static refs
0x1800233e0,47,uncertain,no distinctive reference | prior=plugin,no plugin/library data or call target in its 47 instructions; cannot be decided from static refs
0x180047500,47,uncertain,no distinctive reference | prior=plugin,no plugin/library data or call target in its 47 instructions; cannot be decided from static refs
0x180005a2e,46,uncertain,no distinctive reference | prior=library,no plugin/library data or call target in its 46 instructions; cannot be decided from static refs
0x18004802d,45,uncertain,no distinctive reference | prior=library,no plugin/library data or call target in its 45 instructions; cannot be decided from static refs
0x180005e92,44,uncertain,no distinctive reference | prior=library,no plugin/library data or call target in its 44 instructions; cannot be decided from static refs
0x180006290,42,uncertain,no distinctive reference | prior=library,no plugin/library data or call target in its 42 instructions; cannot be decided from static refs
0x18003e400,40,uncertain,no distinctive reference | prior=library,no plugin/library data or call target in its 40 instructions; cannot be decided from static refs
0x18003e570,40,uncertain,no distinctive reference | prior=library,no plugin/library data or call target in its 40 instructions; cannot be decided from static refs
0x18003e6e0,40,uncertain,no distinctive reference | prior=library,no plugin/library data or call target in its 40 instructions; cannot be decided from static refs
0x18003e850,40,uncertain,no distinctive reference | prior=library,no plugin/library data or call target in its 40 instructions; cannot be decided from static refs
0x18003e9c0,40,uncertain,no distinctive reference | prior=library,no plugin/library data or call target in its 40 instructions; cannot be decided from static refs
0x1800460d3,39,uncertain,no distinctive reference | prior=library,no plugin/library data or call target in its 39 instructions; cannot be decided from static refs
0x180046f00,39,uncertain,no distinctive reference | prior=library,no plugin/library data or call target in its 39 instructions; cannot be decided from static refs
0x1800483b0,35,uncertain,no distinctive reference | prior=plugin,no plugin/library data or call target in its 35 instructions; cannot be decided from static refs
0x18004da00,35,uncertain,no distinctive reference | prior=plugin,no plugin/library data or call target in its 35 instructions; cannot be decided from static refs
0x180001d20,33,uncertain,no distinctive reference | prior=plugin,no plugin/library data or call target in its 33 instructions; cannot be decided from static refs
0x180047f83,33,uncertain,no distinctive reference | prior=library,no plugin/library data or call target in its 33 instructions; cannot be decided from static refs
0x180018cc0,32,uncertain,no distinctive reference | prior=plugin,no plugin/library data or call target in its 32 instructions; cannot be decided from static refs
0x180010460,30,uncertain,no distinctive reference | prior=plugin,no plugin/library data or call target in its 30 instructions; cannot be decided from static refs
0x180044b80,30,uncertain,no distinctive reference | prior=plugin,no plugin/library data or call target in its 30 instructions; cannot be decided from static refs
0x180023348,29,uncertain,no distinctive reference | prior=library,no plugin/library data or call target in its 29 instructions; cannot be decided from static refs
0x180007e06,28,uncertain,no distinctive reference | prior=library,no plugin/library data or call target in its 28 instructions; cannot be decided from static refs
0x18000f350,28,uncertain,no distinctive reference | prior=plugin,no plugin/library data or call target in its 28 instructions; cannot be decided from static refs
0x180012b1e,28,uncertain,no distinctive reference | prior=library,no plugin/library data or call target in its 28 instructions; cannot be decided from static refs
0x18001e682,27,uncertain,no distinctive reference | prior=library,no plugin/library data or call target in its 27 instructions; cannot be decided from static refs
0x18003a6c0,26,uncertain,no distinctive reference | prior=plugin,no plugin/library data or call target in its 26 instructions; cannot be decided from static refs
0x18003e479,26,uncertain,no distinctive reference | prior=library,no plugin/library data or call target in its 26 instructions; cannot be decided from static refs
0x18003e5e9,26,uncertain,no distinctive reference | prior=library,no plugin/library data or call target in its 26 instructions; cannot be decided from static refs
0x18003e759,26,uncertain,no distinctive reference | prior=library,no plugin/library data or call target in its 26 instructions; cannot be decided from static refs
0x18003e8c9,26,uncertain,no distinctive reference | prior=library,no plugin/library data or call target in its 26 instructions; cannot be decided from static refs
0x18003ea39,26,uncertain,no distinctive reference | prior=library,no plugin/library data or call target in its 26 instructions; cannot be decided from static refs
0x1800446bd,26,uncertain,no distinctive reference | prior=library,no plugin/library data or call target in its 26 instructions; cannot be decided from static refs
0x18004748c,26,uncertain,no distinctive reference | prior=library,no plugin/library data or call target in its 26 instructions; cannot be decided from static refs
0x18001e46c,25,uncertain,no distinctive reference | prior=library,no plugin/library data or call target in its 25 instructions; cannot be decided from static refs
0x18001e610,25,uncertain,no distinctive reference | prior=plugin,no plugin/library data or call target in its 25 instructions; cannot be decided from static refs
0x180020839,25,uncertain,no distinctive reference | prior=library,no plugin/library data or call target in its 25 instructions; cannot be decided from static refs
0x180023c10,25,uncertain,no distinctive reference | prior=library,no plugin/library data or call target in its 25 instructions; cannot be decided from static refs
0x18003e39b,25,uncertain,no distinctive reference | prior=library,no plugin/library data or call target in its 25 instructions; cannot be decided from static refs
0x180045d70,24,uncertain,no distinctive reference | prior=library,no plugin/library data or call target in its 24 instructions; cannot be decided from static refs
0x18001e4be,23,uncertain,no distinctive reference | prior=library,no plugin/library data or call target in its 23 instructions; cannot be decided from static refs
0x18001e517,23,uncertain,no distinctive reference | prior=library,no plugin/library data or call target in its 23 instructions; cannot be decided from static refs
0x1800445f9,23,uncertain,no distinctive reference | prior=library,no plugin/library data or call target in its 23 instructions; cannot be decided from static refs
0x180047170,23,uncertain,no distinctive reference | prior=library,no plugin/library data or call target in its 23 instructions; cannot be decided from static refs
0x1800107a0,22,uncertain,no distinctive reference | prior=library,no plugin/library data or call target in its 22 instructions; cannot be decided from static refs
0x180020610,22,uncertain,no distinctive reference | prior=plugin,no plugin/library data or call target in its 22 instructions; cannot be decided from static refs
0x180020770,22,uncertain,no distinctive reference | prior=library,no plugin/library data or call target in its 22 instructions; cannot be decided from static refs
0x180008a45,21,uncertain,no distinctive reference | prior=library,no plugin/library data or call target in its 21 instructions; cannot be decided from static refs
0x1800207d0,21,uncertain,no distinctive reference | prior=library,no plugin/library data or call target in its 21 instructions; cannot be decided from static refs
0x180045cd9,21,uncertain,no distinctive reference | prior=library,no plugin/library data or call target in its 21 instructions; cannot be decided from static refs
0x180006216,20,uncertain,no distinctive reference | prior=library,no plugin/library data or call target in its 20 instructions; cannot be decided from static refs
0x18002c710,20,uncertain,no distinctive reference | prior=library,no plugin/library data or call target in its 20 instructions; cannot be decided from static refs
0x18002d830,20,uncertain,no distinctive reference | prior=library,no plugin/library data or call target in its 20 instructions; cannot be decided from static refs
0x180045d26,20,uncertain,no distinctive reference | prior=library,no plugin/library data or call target in its 20 instructions; cannot be decided from static refs
0x180055090,20,uncertain,no distinctive reference | prior=library,no plugin/library data or call target in its 20 instructions; cannot be decided from static refs
0x18003a653,19,uncertain,no distinctive reference | prior=library,no plugin/library data or call target in its 19 instructions; cannot be decided from static refs
0x180045ff0,19,uncertain,no distinctive reference | prior=library,no plugin/library data or call target in its 19 instructions; cannot be decided from static refs
0x18004607d,19,uncertain,no distinctive reference | prior=library,no plugin/library data or call target in its 19 instructions; cannot be decided from static refs
0x180046fbf,19,uncertain,no distinctive reference | prior=library,no plugin/library data or call target in its 19 instructions; cannot be decided from static refs
0x1800130e0,18,uncertain,no distinctive reference | prior=plugin,no plugin/library data or call target in its 18 instructions; cannot be decided from static refs
0x180040890,18,uncertain,no distinctive reference | prior=library,no plugin/library data or call target in its 18 instructions; cannot be decided from static refs
0x180016870,17,uncertain,no distinctive reference | prior=plugin,no plugin/library data or call target in its 17 instructions; cannot be decided from static refs
0x180037a40,17,uncertain,no distinctive reference | prior=plugin,no plugin/library data or call target in its 17 instructions; cannot be decided from static refs
0x18003a370,17,uncertain,no distinctive reference | prior=library,no plugin/library data or call target in its 17 instructions; cannot be decided from static refs
0x180054d95,17,uncertain,no distinctive reference | prior=library,no plugin/library data or call target in its 17 instructions; cannot be decided from static refs
0x18001084f,16,uncertain,no distinctive reference | prior=library,no plugin/library data or call target in its 16 instructions; cannot be decided from static refs
0x180016820,16,uncertain,no distinctive reference | prior=library,no plugin/library data or call target in its 16 instructions; cannot be decided from static refs
0x18002c9d0,16,uncertain,no distinctive reference | prior=library,no plugin/library data or call target in its 16 instructions; cannot be decided from static refs
0x18002cb60,16,uncertain,no distinctive reference | prior=library,no plugin/library data or call target in its 16 instructions; cannot be decided from static refs
0x18002d7b0,16,uncertain,no distinctive reference | prior=library,no plugin/library data or call target in its 16 instructions; cannot be decided from static refs
0x18002d7f0,16,uncertain,no distinctive reference | prior=library,no plugin/library data or call target in its 16 instructions; cannot be decided from static refs
0x18002d880,16,uncertain,no distinctive reference | prior=library,no plugin/library data or call target in its 16 instructions; cannot be decided from static refs
0x18002d8c0,16,uncertain,no distinctive reference | prior=library,no plugin/library data or call target in its 16 instructions; cannot be decided from static refs
0x180010c40,15,uncertain,no distinctive reference | prior=library,no plugin/library data or call target in its 15 instructions; cannot be decided from static refs
0x180014590,15,uncertain,no distinctive reference | prior=library,no plugin/library data or call target in its 15 instructions; cannot be decided from static refs
0x180019802,15,uncertain,no distinctive reference | prior=library,no plugin/library data or call target in its 15 instructions; cannot be decided from static refs
0x18003a830,15,uncertain,no distinctive reference | prior=library,no plugin/library data or call target in its 15 instructions; cannot be decided from static refs
0x180010885,14,uncertain,no distinctive reference | prior=library,no plugin/library data or call target in its 14 instructions; cannot be decided from static refs
0x180010aa0,14,uncertain,no distinctive reference | prior=library,no plugin/library data or call target in its 14 instructions; cannot be decided from static refs
0x18002dad0,14,uncertain,no distinctive reference | prior=library,no plugin/library data or call target in its 14 instructions; cannot be decided from static refs
0x180045fc0,14,uncertain,no distinctive reference | prior=library,no plugin/library data or call target in its 14 instructions; cannot be decided from static refs
0x1800108c0,13,uncertain,no distinctive reference | prior=library,no plugin/library data or call target in its 13 instructions; cannot be decided from static refs
0x1800133b0,13,uncertain,no distinctive reference | prior=library,no plugin/library data or call target in its 13 instructions; cannot be decided from static refs
0x180014dd0,13,uncertain,no distinctive reference | prior=library,no plugin/library data or call target in its 13 instructions; cannot be decided from static refs
0x18001b34a,13,uncertain,no distinctive reference | prior=library,no plugin/library data or call target in its 13 instructions; cannot be decided from static refs
0x180039730,13,uncertain,no distinctive reference | prior=library,no plugin/library data or call target in its 13 instructions; cannot be decided from static refs
0x18003cd70,13,uncertain,no distinctive reference | prior=library,no plugin/library data or call target in its 13 instructions; cannot be decided from static refs
0x1800519f0,13,uncertain,no distinctive reference | prior=library,no plugin/library data or call target in its 13 instructions; cannot be decided from static refs
0x1800522c0,13,uncertain,no distinctive reference | prior=library,no plugin/library data or call target in its 13 instructions; cannot be decided from static refs
0x1800523c0,13,uncertain,no distinctive reference | prior=library,no plugin/library data or call target in its 13 instructions; cannot be decided from static refs
0x180052750,13,uncertain,no distinctive reference | prior=library,no plugin/library data or call target in its 13 instructions; cannot be decided from static refs
0x180052790,13,uncertain,no distinctive reference | prior=library,no plugin/library data or call target in its 13 instructions; cannot be decided from static refs
0x180052e10,13,uncertain,no distinctive reference | prior=library,no plugin/library data or call target in its 13 instructions; cannot be decided from static refs
0x180052e50,13,uncertain,no distinctive reference | prior=library,no plugin/library data or call target in its 13 instructions; cannot be decided from static refs
0x180052e80,13,uncertain,no distinctive reference | prior=library,no plugin/library data or call target in its 13 instructions; cannot be decided from static refs
0x180052f30,13,uncertain,no distinctive reference | prior=library,no plugin/library data or call target in its 13 instructions; cannot be decided from static refs
0x180052f70,13,uncertain,no distinctive reference | prior=library,no plugin/library data or call target in its 13 instructions; cannot be decided from static refs
0x180052fe0,13,uncertain,no distinctive reference | prior=library,no plugin/library data or call target in its 13 instructions; cannot be decided from static refs
0x180053010,13,uncertain,no distinctive reference | prior=library,no plugin/library data or call target in its 13 instructions; cannot be decided from static refs
0x180053090,13,uncertain,no distinctive reference | prior=library,no plugin/library data or call target in its 13 instructions; cannot be decided from static refs
0x180053120,13,uncertain,no distinctive reference | prior=library,no plugin/library data or call target in its 13 instructions; cannot be decided from static refs
0x180053150,13,uncertain,no distinctive reference | prior=library,no plugin/library data or call target in its 13 instructions; cannot be decided from static refs
0x1800532d0,13,uncertain,no distinctive reference | prior=library,no plugin/library data or call target in its 13 instructions; cannot be decided from static refs
0x180053420,13,uncertain,no distinctive reference | prior=library,no plugin/library data or call target in its 13 instructions; cannot be decided from static refs
0x1800534e0,13,uncertain,no distinctive reference | prior=library,no plugin/library data or call target in its 13 instructions; cannot be decided from static refs
0x180053510,13,uncertain,no distinctive reference | prior=library,no plugin/library data or call target in its 13 instructions; cannot be decided from static refs
0x180053b00,13,uncertain,no distinctive reference | prior=library,no plugin/library data or call target in its 13 instructions; cannot be decided from static refs
0x180001100,12,uncertain,no distinctive reference | prior=library,no plugin/library data or call target in its 12 instructions; cannot be decided from static refs
0x180012b85,12,uncertain,no distinctive reference | prior=library,no plugin/library data or call target in its 12 instructions; cannot be decided from static refs
0x1800236f0,12,uncertain,no distinctive reference | prior=library,no plugin/library data or call target in its 12 instructions; cannot be decided from static refs
0x18002c970,12,uncertain,no distinctive reference | prior=library,no plugin/library data or call target in its 12 instructions; cannot be decided from static refs
0x18002c9a0,12,uncertain,no distinctive reference | prior=library,no plugin/library data or call target in its 12 instructions; cannot be decided from static refs
0x18002ca70,12,uncertain,no distinctive reference | prior=library,no plugin/library data or call target in its 12 instructions; cannot be decided from static refs
0x18002caf0,12,uncertain,no distinctive reference | prior=library,no plugin/library data or call target in its 12 instructions; cannot be decided from static refs
0x180046f90,12,uncertain,no distinctive reference | prior=library,no plugin/library data or call target in its 12 instructions; cannot be decided from static refs
0x180047140,12,uncertain,no distinctive reference | prior=library,no plugin/library data or call target in its 12 instructions; cannot be decided from static refs
0x18004ccf3,12,uncertain,no distinctive reference | prior=library,no plugin/library data or call target in its 12 instructions; cannot be decided from static refs
0x180006262,11,uncertain,no distinctive reference | prior=library,no plugin/library data or call target in its 11 instructions; cannot be decided from static refs
0x18000fea0,11,uncertain,no distinctive reference | prior=plugin,no plugin/library data or call target in its 11 instructions; cannot be decided from static refs
0x18001eac3,11,uncertain,no distinctive reference | prior=library,no plugin/library data or call target in its 11 instructions; cannot be decided from static refs
0x180020815,11,uncertain,no distinctive reference | prior=library,no plugin/library data or call target in its 11 instructions; cannot be decided from static refs
0x1800233b3,11,uncertain,no distinctive reference | prior=library,no plugin/library data or call target in its 11 instructions; cannot be decided from static refs
0x18002bea0,11,uncertain,no distinctive reference | prior=plugin,no plugin/library data or call target in its 11 instructions; cannot be decided from static refs
0x18003a143,11,uncertain,no distinctive reference | prior=library,no plugin/library data or call target in its 11 instructions; cannot be decided from static refs
0x18003af59,11,uncertain,no distinctive reference | prior=library,no plugin/library data or call target in its 11 instructions; cannot be decided from static refs
0x18003cb27,11,uncertain,no distinctive reference | prior=library,no plugin/library data or call target in its 11 instructions; cannot be decided from static refs
0x18003e380,11,uncertain,no distinctive reference | prior=library,no plugin/library data or call target in its 11 instructions; cannot be decided from static refs
0x1800404aa,11,uncertain,no distinctive reference | prior=library,no plugin/library data or call target in its 11 instructions; cannot be decided from static refs
0x1800408ed,11,uncertain,no distinctive reference | prior=library,no plugin/library data or call target in its 11 instructions; cannot be decided from static refs
0x1800470fe,11,uncertain,no distinctive reference | prior=library,no plugin/library data or call target in its 11 instructions; cannot be decided from static refs
0x18004738d,11,uncertain,no distinctive reference | prior=library,no plugin/library data or call target in its 11 instructions; cannot be decided from static refs
0x180047470,11,uncertain,no distinctive reference | prior=library,no plugin/library data or call target in its 11 instructions; cannot be decided from static refs
0x1800133e1,10,uncertain,no distinctive reference | prior=library,no plugin/library data or call target in its 10 instructions; cannot be decided from static refs
0x18001e708,10,uncertain,no distinctive reference | prior=library,no plugin/library data or call target in its 10 instructions; cannot be decided from static refs
0x18002a850,10,uncertain,no distinctive reference | prior=library,no plugin/library data or call target in its 10 instructions; cannot be decided from static refs
0x180037aad,10,uncertain,no distinctive reference | prior=library,no plugin/library data or call target in its 10 instructions; cannot be decided from static refs
0x18003a110,10,uncertain,no distinctive reference | prior=library,no plugin/library data or call target in its 10 instructions; cannot be decided from static refs
0x18003a3da,10,uncertain,no distinctive reference | prior=library,no plugin/library data or call target in its 10 instructions; cannot be decided from static refs
0x18003c9f0,10,uncertain,no distinctive reference | prior=library,no plugin/library data or call target in its 10 instructions; cannot be decided from static refs
0x180054d30,10,uncertain,no distinctive reference | prior=library,no plugin/library data or call target in its 10 instructions; cannot be decided from static refs
0x180010c80,9,uncertain,no distinctive reference | prior=library,no plugin/library data or call target in its 9 instructions; cannot be decided from static refs
0x180016317,9,uncertain,no distinctive reference | prior=library,no plugin/library data or call target in its 9 instructions; cannot be decided from static refs
0x180023b60,9,uncertain,no distinctive reference | prior=library,no plugin/library data or call target in its 9 instructions; cannot be decided from static refs
0x180037490,9,uncertain,no distinctive reference | prior=plugin,no plugin/library data or call target in its 9 instructions; cannot be decided from static refs
0x1800374bd,9,uncertain,no distinctive reference | prior=library,no plugin/library data or call target in its 9 instructions; cannot be decided from static refs
0x18003751e,9,uncertain,no distinctive reference | prior=library,no plugin/library data or call target in its 9 instructions; cannot be decided from static refs
0x180037840,9,uncertain,no distinctive reference | prior=plugin,no plugin/library data or call target in its 9 instructions; cannot be decided from static refs
0x18003786d,9,uncertain,no distinctive reference | prior=library,no plugin/library data or call target in its 9 instructions; cannot be decided from static refs
0x180037ae0,9,uncertain,no distinctive reference | prior=plugin,no plugin/library data or call target in its 9 instructions; cannot be decided from static refs
0x180037b0d,9,uncertain,no distinctive reference | prior=library,no plugin/library data or call target in its 9 instructions; cannot be decided from static refs
0x1800390dd,9,uncertain,no distinctive reference | prior=library,no plugin/library data or call target in its 9 instructions; cannot be decided from static refs
0x180039120,9,uncertain,no distinctive reference | prior=plugin,no plugin/library data or call target in its 9 instructions; cannot be decided from static refs
0x18003914d,9,uncertain,no distinctive reference | prior=library,no plugin/library data or call target in its 9 instructions; cannot be decided from static refs
0x180039180,9,uncertain,no distinctive reference | prior=plugin,no plugin/library data or call target in its 9 instructions; cannot be decided from static refs
0x18003a45d,9,uncertain,no distinctive reference | prior=library,no plugin/library data or call target in its 9 instructions; cannot be decided from static refs
0x18003a801,9,uncertain,no distinctive reference | prior=library,no plugin/library data or call target in its 9 instructions; cannot be decided from static refs
0x1800530c0,9,uncertain,no distinctive reference | prior=library,no plugin/library data or call target in its 9 instructions; cannot be decided from static refs
0x1800530f0,9,uncertain,no distinctive reference | prior=library,no plugin/library data or call target in its 9 instructions; cannot be decided from static refs
0x180054540,9,uncertain,no distinctive reference | prior=library,no plugin/library data or call target in its 9 instructions; cannot be decided from static refs
0x180054630,9,uncertain,no distinctive reference | prior=library,no plugin/library data or call target in its 9 instructions; cannot be decided from static refs
0x1800546d0,9,uncertain,no distinctive reference | prior=library,no plugin/library data or call target in its 9 instructions; cannot be decided from static refs
0x1800161d0,8,uncertain,no distinctive reference | prior=plugin,no plugin/library data or call target in its 8 instructions; cannot be decided from static refs
0x18001e65b,8,uncertain,no distinctive reference | prior=library,no plugin/library data or call target in its 8 instructions; cannot be decided from static refs
0x18001e6f3,8,uncertain,no distinctive reference | prior=library,no plugin/library data or call target in its 8 instructions; cannot be decided from static refs
0x180027ce6,8,uncertain,no distinctive reference | prior=library,no plugin/library data or call target in its 8 instructions; cannot be decided from static refs
0x1800374f0,8,uncertain,no distinctive reference | prior=plugin,no plugin/library data or call target in its 8 instructions; cannot be decided from static refs
0x18003970a,8,uncertain,no distinctive reference | prior=library,no plugin/library data or call target in its 8 instructions; cannot be decided from static refs
0x18003e3e5,8,uncertain,no distinctive reference | prior=library,no plugin/library data or call target in its 8 instructions; cannot be decided from static refs
0x180044720,8,uncertain,no distinctive reference | prior=library,no plugin/library data or call target in its 8 instructions; cannot be decided from static refs
0x180046050,8,uncertain,no distinctive reference | prior=library,no plugin/library data or call target in its 8 instructions; cannot be decided from static refs
0x180046ed2,8,uncertain,no distinctive reference | prior=library,no plugin/library data or call target in its 8 instructions; cannot be decided from static refs
0x180047371,8,uncertain,no distinctive reference | prior=library,no plugin/library data or call target in its 8 instructions; cannot be decided from static refs
0x180008a30,7,uncertain,no distinctive reference | prior=library,no plugin/library data or call target in its 7 instructions; cannot be decided from static refs
0x180010820,7,uncertain,no distinctive reference | prior=library,no plugin/library data or call target in its 7 instructions; cannot be decided from static refs
0x180014f16,7,uncertain,no distinctive reference | prior=library,no plugin/library data or call target in its 7 instructions; cannot be decided from static refs
0x1800208a0,7,uncertain,no distinctive reference | prior=library,no plugin/library data or call target in its 7 instructions; cannot be decided from static refs
0x180027cc3,7,uncertain,no distinctive reference | prior=library,no plugin/library data or call target in its 7 instructions; cannot be decided from static refs
0x18002a270,7,uncertain,no distinctive reference | prior=plugin,no plugin/library data or call target in its 7 instructions; cannot be decided from static refs
0x18002a6e0,7,uncertain,no distinctive reference | prior=plugin,no plugin/library data or call target in its 7 instructions; cannot be decided from static refs
0x18002a830,7,uncertain,no distinctive reference | prior=plugin,no plugin/library data or call target in its 7 instructions; cannot be decided from static refs
0x18003a3b7,7,uncertain,no distinctive reference | prior=library,no plugin/library data or call target in its 7 instructions; cannot be decided from static refs
0x180046030,7,uncertain,no distinctive reference | prior=library,no plugin/library data or call target in its 7 instructions; cannot be decided from static refs
0x1800474e3,7,uncertain,no distinctive reference | prior=library,no plugin/library data or call target in its 7 instructions; cannot be decided from static refs
0x180047e40,7,uncertain,no distinctive reference | prior=plugin,no plugin/library data or call target in its 7 instructions; cannot be decided from static refs
0x18004ccd1,7,uncertain,no distinctive reference | prior=library,no plugin/library data or call target in its 7 instructions; cannot be decided from static refs
0x180054ddc,7,uncertain,no distinctive reference | prior=library,no plugin/library data or call target in its 7 instructions; cannot be decided from static refs
0x180010839,6,uncertain,no distinctive reference | prior=library,no plugin/library data or call target in its 6 instructions; cannot be decided from static refs
0x180010ad0,6,uncertain,no distinctive reference | prior=library,no plugin/library data or call target in its 6 instructions; cannot be decided from static refs
0x180013254,6,uncertain,no distinctive reference | prior=library,no plugin/library data or call target in its 6 instructions; cannot be decided from static refs
0x180013268,6,uncertain,no distinctive reference | prior=library,no plugin/library data or call target in its 6 instructions; cannot be decided from static refs
0x1800146d3,6,uncertain,no distinctive reference | prior=library,no plugin/library data or call target in its 6 instructions; cannot be decided from static refs
0x180016420,6,uncertain,no distinctive reference | prior=library,no plugin/library data or call target in its 6 instructions; cannot be decided from static refs
0x180016440,6,uncertain,no distinctive reference | prior=library,no plugin/library data or call target in its 6 instructions; cannot be decided from static refs
0x180016460,6,uncertain,no distinctive reference | prior=library,no plugin/library data or call target in its 6 instructions; cannot be decided from static refs
0x180016b0c,6,uncertain,no distinctive reference | prior=library,no plugin/library data or call target in its 6 instructions; cannot be decided from static refs
0x18001b380,6,uncertain,no distinctive reference | prior=library,no plugin/library data or call target in its 6 instructions; cannot be decided from static refs
0x18001e6e5,6,uncertain,no distinctive reference | prior=library,no plugin/library data or call target in its 6 instructions; cannot be decided from static refs
0x180029200,6,uncertain,no distinctive reference | prior=plugin,no plugin/library data or call target in its 6 instructions; cannot be decided from static refs
0x18002a3ec,6,uncertain,no distinctive reference | prior=library,no plugin/library data or call target in its 6 instructions; cannot be decided from static refs
0x18002a802,6,uncertain,no distinctive reference | prior=library,no plugin/library data or call target in its 6 instructions; cannot be decided from static refs
0x18002a87f,6,uncertain,no distinctive reference | prior=library,no plugin/library data or call target in its 6 instructions; cannot be decided from static refs
0x18002ca10,6,uncertain,no distinctive reference | prior=library,no plugin/library data or call target in its 6 instructions; cannot be decided from static refs
0x18002dbf3,6,uncertain,no distinctive reference | prior=library,no plugin/library data or call target in its 6 instructions; cannot be decided from static refs
0x180045995,6,uncertain,no distinctive reference | prior=library,no plugin/library data or call target in its 6 instructions; cannot be decided from static refs
0x180046069,6,uncertain,no distinctive reference | prior=library,no plugin/library data or call target in its 6 instructions; cannot be decided from static refs
0x1800470ed,6,uncertain,no distinctive reference | prior=library,no plugin/library data or call target in its 6 instructions; cannot be decided from static refs
0x180008a98,5,uncertain,no distinctive reference | prior=library,no plugin/library data or call target in its 5 instructions; cannot be decided from static refs
0x180010790,5,uncertain,no distinctive reference | prior=library,no plugin/library data or call target in its 5 instructions; cannot be decided from static refs
0x180013696,5,uncertain,no distinctive reference | prior=library,no plugin/library data or call target in its 5 instructions; cannot be decided from static refs
0x180016860,5,uncertain,no distinctive reference | prior=library,no plugin/library data or call target in its 5 instructions; cannot be decided from static refs
0x180016d80,5,uncertain,no distinctive reference | prior=library,no plugin/library data or call target in its 5 instructions; cannot be decided from static refs
0x18001e506,5,uncertain,no distinctive reference | prior=library,no plugin/library data or call target in its 5 instructions; cannot be decided from static refs
0x18003cb1d,5,uncertain,no distinctive reference | prior=library,no plugin/library data or call target in its 5 instructions; cannot be decided from static refs
0x1800108f0,4,uncertain,no distinctive reference | prior=library,no plugin/library data or call target in its 4 instructions; cannot be decided from static refs
0x180014571,4,uncertain,no distinctive reference | prior=library,no plugin/library data or call target in its 4 instructions; cannot be decided from static refs
0x180016339,4,uncertain,no distinctive reference | prior=library,no plugin/library data or call target in its 4 instructions; cannot be decided from static refs
0x180016d70,4,uncertain,no distinctive reference | prior=library,no plugin/library data or call target in its 4 instructions; cannot be decided from static refs
0x180016da0,4,uncertain,no distinctive reference | prior=library,no plugin/library data or call target in its 4 instructions; cannot be decided from static refs
0x18001eaf1,4,uncertain,no distinctive reference | prior=library,no plugin/library data or call target in its 4 instructions; cannot be decided from static refs
0x18003a171,4,uncertain,no distinctive reference | prior=library,no plugin/library data or call target in its 4 instructions; cannot be decided from static refs
0x180045988,4,uncertain,no distinctive reference | prior=library,no plugin/library data or call target in its 4 instructions; cannot be decided from static refs
0x1800459e2,4,uncertain,no distinctive reference | prior=library,no plugin/library data or call target in its 4 instructions; cannot be decided from static refs
0x1800459f4,4,uncertain,no distinctive reference | prior=library,no plugin/library data or call target in its 4 instructions; cannot be decided from static refs
0x1800460c5,4,uncertain,no distinctive reference | prior=library,no plugin/library data or call target in its 4 instructions; cannot be decided from static refs
0x180054d70,4,uncertain,no distinctive reference | prior=library,no plugin/library data or call target in its 4 instructions; cannot be decided from static refs
0x180054d84,4,uncertain,no distinctive reference | prior=library,no plugin/library data or call target in its 4 instructions; cannot be decided from static refs
0x180016bf0,3,uncertain,no distinctive reference | prior=library,no plugin/library data or call target in its 3 instructions; cannot be decided from static refs
0x18002961e,3,uncertain,no distinctive reference | prior=library,no plugin/library data or call target in its 3 instructions; cannot be decided from static refs
0x1800374e6,3,uncertain,no distinctive reference | prior=library,no plugin/library data or call target in its 3 instructions; cannot be decided from static refs
0x180037547,3,uncertain,no distinctive reference | prior=library,no plugin/library data or call target in its 3 instructions; cannot be decided from static refs
0x180037896,3,uncertain,no distinctive reference | prior=library,no plugin/library data or call target in its 3 instructions; cannot be decided from static refs
0x180037b36,3,uncertain,no distinctive reference | prior=library,no plugin/library data or call target in its 3 instructions; cannot be decided from static refs
0x180039106,3,uncertain,no distinctive reference | prior=library,no plugin/library data or call target in its 3 instructions; cannot be decided from static refs
0x180039176,3,uncertain,no distinctive reference | prior=library,no plugin/library data or call target in its 3 instructions; cannot be decided from static refs
0x18003a486,3,uncertain,no distinctive reference | prior=library,no plugin/library data or call target in its 3 instructions; cannot be decided from static refs
0x1800521f0,3,uncertain,no distinctive reference | prior=library,no plugin/library data or call target in its 3 instructions; cannot be decided from static refs
0x180052fd0,3,uncertain,no distinctive reference | prior=library,no plugin/library data or call target in its 3 instructions; cannot be decided from static refs
0x180054380,3,uncertain,no distinctive reference | prior=library,no plugin/library data or call target in its 3 instructions; cannot be decided from static refs
0x180054420,3,uncertain,no distinctive reference | prior=library,no plugin/library data or call target in its 3 instructions; cannot be decided from static refs
0x180054430,3,uncertain,no distinctive reference | prior=library,no plugin/library data or call target in its 3 instructions; cannot be decided from static refs
0x180054440,3,uncertain,no distinctive reference | prior=library,no plugin/library data or call target in its 3 instructions; cannot be decided from static refs
0x180054460,3,uncertain,no distinctive reference | prior=library,no plugin/library data or call target in its 3 instructions; cannot be decided from static refs
0x180054490,3,uncertain,no distinctive reference | prior=library,no plugin/library data or call target in its 3 instructions; cannot be decided from static refs
0x1800544a0,3,uncertain,no distinctive reference | prior=library,no plugin/library data or call target in its 3 instructions; cannot be decided from static refs
0x1800544b0,3,uncertain,no distinctive reference | prior=library,no plugin/library data or call target in its 3 instructions; cannot be decided from static refs
0x1800544d0,3,uncertain,no distinctive reference | prior=library,no plugin/library data or call target in its 3 instructions; cannot be decided from static refs
0x180054500,3,uncertain,no distinctive reference | prior=library,no plugin/library data or call target in its 3 instructions; cannot be decided from static refs
0x180054520,3,uncertain,no distinctive reference | prior=library,no plugin/library data or call target in its 3 instructions; cannot be decided from static refs
0x180054560,3,uncertain,no distinctive reference | prior=library,no plugin/library data or call target in its 3 instructions; cannot be decided from static refs
0x180054580,3,uncertain,no distinctive reference | prior=library,no plugin/library data or call target in its 3 instructions; cannot be decided from static refs
0x1800545a0,3,uncertain,no distinctive reference | prior=library,no plugin/library data or call target in its 3 instructions; cannot be decided from static refs
0x1800545c0,3,uncertain,no distinctive reference | prior=library,no plugin/library data or call target in its 3 instructions; cannot be decided from static refs
0x1800545e0,3,uncertain,no distinctive reference | prior=library,no plugin/library data or call target in its 3 instructions; cannot be decided from static refs
0x180054600,3,uncertain,no distinctive reference | prior=library,no plugin/library data or call target in its 3 instructions; cannot be decided from static refs
0x180054610,3,uncertain,no distinctive reference | prior=library,no plugin/library data or call target in its 3 instructions; cannot be decided from static refs
0x180054620,3,uncertain,no distinctive reference | prior=library,no plugin/library data or call target in its 3 instructions; cannot be decided from static refs
0x180054700,3,uncertain,no distinctive reference | prior=library,no plugin/library data or call target in its 3 instructions; cannot be decided from static refs
0x180054710,3,uncertain,no distinctive reference | prior=library,no plugin/library data or call target in its 3 instructions; cannot be decided from static refs
0x180054890,3,uncertain,no distinctive reference | prior=library,no plugin/library data or call target in its 3 instructions; cannot be decided from static refs
0x180001000,2,uncertain,no distinctive reference | prior=library,no plugin/library data or call target in its 2 instructions; cannot be decided from static refs
0x1800010f0,2,uncertain,no distinctive reference | prior=library,no plugin/library data or call target in its 2 instructions; cannot be decided from static refs
0x180001150,2,uncertain,no distinctive reference | prior=library,no plugin/library data or call target in its 2 instructions; cannot be decided from static refs
0x180001160,2,uncertain,no distinctive reference | prior=library,no plugin/library data or call target in its 2 instructions; cannot be decided from static refs
0x1800011d0,2,uncertain,no distinctive reference | prior=library,no plugin/library data or call target in its 2 instructions; cannot be decided from static refs
0x180005629,2,uncertain,no distinctive reference | prior=library,no plugin/library data or call target in its 2 instructions; cannot be decided from static refs
0x1800104e0,2,uncertain,no distinctive reference | prior=library,no plugin/library data or call target in its 2 instructions; cannot be decided from static refs
0x180010580,2,uncertain,no distinctive reference | prior=library,no plugin/library data or call target in its 2 instructions; cannot be decided from static refs
0x180010710,2,uncertain,no distinctive reference | prior=library,no plugin/library data or call target in its 2 instructions; cannot be decided from static refs
0x180010780,2,uncertain,no distinctive reference | prior=library,no plugin/library data or call target in its 2 instructions; cannot be decided from static refs
0x180010af0,2,uncertain,no distinctive reference | prior=library,no plugin/library data or call target in its 2 instructions; cannot be decided from static refs
0x180016b02,2,uncertain,no distinctive reference | prior=library,no plugin/library data or call target in its 2 instructions; cannot be decided from static refs
0x180019160,2,uncertain,no distinctive reference | prior=library,no plugin/library data or call target in its 2 instructions; cannot be decided from static refs
0x180019170,2,uncertain,no distinctive reference | prior=library,no plugin/library data or call target in its 2 instructions; cannot be decided from static refs
0x180019180,2,uncertain,no distinctive reference | prior=library,no plugin/library data or call target in its 2 instructions; cannot be decided from static refs
0x180019190,2,uncertain,no distinctive reference | prior=library,no plugin/library data or call target in its 2 instructions; cannot be decided from static refs
0x1800191a0,2,uncertain,no distinctive reference | prior=library,no plugin/library data or call target in its 2 instructions; cannot be decided from static refs
0x1800191b0,2,uncertain,no distinctive reference | prior=library,no plugin/library data or call target in its 2 instructions; cannot be decided from static refs
0x1800191c0,2,uncertain,no distinctive reference | prior=library,no plugin/library data or call target in its 2 instructions; cannot be decided from static refs
0x180023690,2,uncertain,no distinctive reference | prior=library,no plugin/library data or call target in its 2 instructions; cannot be decided from static refs
0x180023850,2,uncertain,no distinctive reference | prior=library,no plugin/library data or call target in its 2 instructions; cannot be decided from static refs
0x18002d160,2,uncertain,no distinctive reference | prior=library,no plugin/library data or call target in its 2 instructions; cannot be decided from static refs
0x18002d490,2,uncertain,no distinctive reference | prior=library,no plugin/library data or call target in its 2 instructions; cannot be decided from static refs
0x18002d4b0,2,uncertain,no distinctive reference | prior=library,no plugin/library data or call target in its 2 instructions; cannot be decided from static refs
0x18002d4c0,2,uncertain,no distinctive reference | prior=library,no plugin/library data or call target in its 2 instructions; cannot be decided from static refs
0x18002d990,2,uncertain,no distinctive reference | prior=library,no plugin/library data or call target in its 2 instructions; cannot be decided from static refs
0x18002d9a0,2,uncertain,no distinctive reference | prior=library,no plugin/library data or call target in its 2 instructions; cannot be decided from static refs
0x18002d9b0,2,uncertain,no distinctive reference | prior=library,no plugin/library data or call target in its 2 instructions; cannot be decided from static refs
0x18002d9c0,2,uncertain,no distinctive reference | prior=library,no plugin/library data or call target in its 2 instructions; cannot be decided from static refs
0x18002d9d0,2,uncertain,no distinctive reference | prior=library,no plugin/library data or call target in its 2 instructions; cannot be decided from static refs
0x18002d9e0,2,uncertain,no distinctive reference | prior=library,no plugin/library data or call target in its 2 instructions; cannot be decided from static refs
0x18002d9f0,2,uncertain,no distinctive reference | prior=library,no plugin/library data or call target in its 2 instructions; cannot be decided from static refs
0x18002da00,2,uncertain,no distinctive reference | prior=library,no plugin/library data or call target in its 2 instructions; cannot be decided from static refs
0x18002da10,2,uncertain,no distinctive reference | prior=library,no plugin/library data or call target in its 2 instructions; cannot be decided from static refs
0x18002da20,2,uncertain,no distinctive reference | prior=library,no plugin/library data or call target in its 2 instructions; cannot be decided from static refs
0x18002da30,2,uncertain,no distinctive reference | prior=library,no plugin/library data or call target in its 2 instructions; cannot be decided from static refs
0x18002da40,2,uncertain,no distinctive reference | prior=library,no plugin/library data or call target in its 2 instructions; cannot be decided from static refs
0x18002e3c0,2,uncertain,no distinctive reference | prior=plugin,no plugin/library data or call target in its 2 instructions; cannot be decided from static refs
0x180038190,2,uncertain,no distinctive reference | prior=library,no plugin/library data or call target in its 2 instructions; cannot be decided from static refs
0x180038ed0,2,uncertain,no distinctive reference | prior=library,no plugin/library data or call target in its 2 instructions; cannot be decided from static refs
0x180038ee0,2,uncertain,no distinctive reference | prior=library,no plugin/library data or call target in its 2 instructions; cannot be decided from static refs
0x180045980,2,uncertain,no distinctive reference | prior=library,no plugin/library data or call target in its 2 instructions; cannot be decided from static refs
0x1800512f8,2,uncertain,no distinctive reference | prior=library,no plugin/library data or call target in its 2 instructions; cannot be decided from static refs
0x1800516c4,2,uncertain,no distinctive reference | prior=library,no plugin/library data or call target in its 2 instructions; cannot be decided from static refs
0x1800516d0,2,uncertain,no distinctive reference | prior=library,no plugin/library data or call target in its 2 instructions; cannot be decided from static refs
0x1800516f4,2,uncertain,no distinctive reference | prior=library,no plugin/library data or call target in its 2 instructions; cannot be decided from static refs
0x1800518d0,2,uncertain,no distinctive reference | prior=library,no plugin/library data or call target in its 2 instructions; cannot be decided from static refs
0x180051940,2,uncertain,no distinctive reference | prior=library,no plugin/library data or call target in its 2 instructions; cannot be decided from static refs
0x180051950,2,uncertain,no distinctive reference | prior=library,no plugin/library data or call target in its 2 instructions; cannot be decided from static refs
0x180051960,2,uncertain,no distinctive reference | prior=library,no plugin/library data or call target in its 2 instructions; cannot be decided from static refs
0x180051970,2,uncertain,no distinctive reference | prior=library,no plugin/library data or call target in its 2 instructions; cannot be decided from static refs
0x180051990,2,uncertain,no distinctive reference | prior=library,no plugin/library data or call target in its 2 instructions; cannot be decided from static refs
0x1800519a0,2,uncertain,no distinctive reference | prior=library,no plugin/library data or call target in its 2 instructions; cannot be decided from static refs
0x1800519b0,2,uncertain,no distinctive reference | prior=library,no plugin/library data or call target in its 2 instructions; cannot be decided from static refs
0x1800519c0,2,uncertain,no distinctive reference | prior=library,no plugin/library data or call target in its 2 instructions; cannot be decided from static refs
0x1800519d0,2,uncertain,no distinctive reference | prior=library,no plugin/library data or call target in its 2 instructions; cannot be decided from static refs
0x1800519e0,2,uncertain,no distinctive reference | prior=library,no plugin/library data or call target in its 2 instructions; cannot be decided from static refs
0x180051a20,2,uncertain,no distinctive reference | prior=library,no plugin/library data or call target in its 2 instructions; cannot be decided from static refs
0x180051bf0,2,uncertain,no distinctive reference | prior=library,no plugin/library data or call target in its 2 instructions; cannot be decided from static refs
0x180051c00,2,uncertain,no distinctive reference | prior=library,no plugin/library data or call target in its 2 instructions; cannot be decided from static refs
0x180051dd0,2,uncertain,no distinctive reference | prior=library,no plugin/library data or call target in its 2 instructions; cannot be decided from static refs
0x180051fa0,2,uncertain,no distinctive reference | prior=library,no plugin/library data or call target in its 2 instructions; cannot be decided from static refs
0x180051fe0,2,uncertain,no distinctive reference | prior=library,no plugin/library data or call target in its 2 instructions; cannot be decided from static refs
0x180052000,2,uncertain,no distinctive reference | prior=library,no plugin/library data or call target in its 2 instructions; cannot be decided from static refs
0x1800520b0,2,uncertain,no distinctive reference | prior=library,no plugin/library data or call target in its 2 instructions; cannot be decided from static refs
0x180052150,2,uncertain,no distinctive reference | prior=library,no plugin/library data or call target in its 2 instructions; cannot be decided from static refs
0x180052160,2,uncertain,no distinctive reference | prior=library,no plugin/library data or call target in its 2 instructions; cannot be decided from static refs
0x1800521a0,2,uncertain,no distinctive reference | prior=library,no plugin/library data or call target in its 2 instructions; cannot be decided from static refs
0x1800521e0,2,uncertain,no distinctive reference | prior=library,no plugin/library data or call target in its 2 instructions; cannot be decided from static refs
0x180052210,2,uncertain,no distinctive reference | prior=library,no plugin/library data or call target in its 2 instructions; cannot be decided from static refs
0x180052230,2,uncertain,no distinctive reference | prior=library,no plugin/library data or call target in its 2 instructions; cannot be decided from static refs
0x180052240,2,uncertain,no distinctive reference | prior=library,no plugin/library data or call target in its 2 instructions; cannot be decided from static refs
0x180052250,2,uncertain,no distinctive reference | prior=library,no plugin/library data or call target in its 2 instructions; cannot be decided from static refs
0x180052260,2,uncertain,no distinctive reference | prior=library,no plugin/library data or call target in its 2 instructions; cannot be decided from static refs
0x180052270,2,uncertain,no distinctive reference | prior=library,no plugin/library data or call target in its 2 instructions; cannot be decided from static refs
0x180052280,2,uncertain,no distinctive reference | prior=library,no plugin/library data or call target in its 2 instructions; cannot be decided from static refs
0x180052290,2,uncertain,no distinctive reference | prior=library,no plugin/library data or call target in its 2 instructions; cannot be decided from static refs
0x1800522a0,2,uncertain,no distinctive reference | prior=library,no plugin/library data or call target in its 2 instructions; cannot be decided from static refs
0x1800522b0,2,uncertain,no distinctive reference | prior=library,no plugin/library data or call target in its 2 instructions; cannot be decided from static refs
0x1800522f0,2,uncertain,no distinctive reference | prior=library,no plugin/library data or call target in its 2 instructions; cannot be decided from static refs
0x180052300,2,uncertain,no distinctive reference | prior=library,no plugin/library data or call target in its 2 instructions; cannot be decided from static refs
0x180052310,2,uncertain,no distinctive reference | prior=library,no plugin/library data or call target in its 2 instructions; cannot be decided from static refs
0x180052320,2,uncertain,no distinctive reference | prior=library,no plugin/library data or call target in its 2 instructions; cannot be decided from static refs
0x180052330,2,uncertain,no distinctive reference | prior=library,no plugin/library data or call target in its 2 instructions; cannot be decided from static refs
0x180052340,2,uncertain,no distinctive reference | prior=library,no plugin/library data or call target in its 2 instructions; cannot be decided from static refs
0x180052350,2,uncertain,no distinctive reference | prior=library,no plugin/library data or call target in its 2 instructions; cannot be decided from static refs
0x180052360,2,uncertain,no distinctive reference | prior=library,no plugin/library data or call target in its 2 instructions; cannot be decided from static refs
0x180052370,2,uncertain,no distinctive reference | prior=library,no plugin/library data or call target in its 2 instructions; cannot be decided from static refs
0x180052380,2,uncertain,no distinctive reference | prior=library,no plugin/library data or call target in its 2 instructions; cannot be decided from static refs
0x180052390,2,uncertain,no distinctive reference | prior=library,no plugin/library data or call target in its 2 instructions; cannot be decided from static refs
0x1800523a0,2,uncertain,no distinctive reference | prior=library,no plugin/library data or call target in its 2 instructions; cannot be decided from static refs
0x1800523b0,2,uncertain,no distinctive reference | prior=library,no plugin/library data or call target in its 2 instructions; cannot be decided from static refs
0x1800523f0,2,uncertain,no distinctive reference | prior=library,no plugin/library data or call target in its 2 instructions; cannot be decided from static refs
0x180052400,2,uncertain,no distinctive reference | prior=library,no plugin/library data or call target in its 2 instructions; cannot be decided from static refs
0x180052410,2,uncertain,no distinctive reference | prior=library,no plugin/library data or call target in its 2 instructions; cannot be decided from static refs
0x180052420,2,uncertain,no distinctive reference | prior=library,no plugin/library data or call target in its 2 instructions; cannot be decided from static refs
0x180052430,2,uncertain,no distinctive reference | prior=library,no plugin/library data or call target in its 2 instructions; cannot be decided from static refs
0x180052440,2,uncertain,no distinctive reference | prior=library,no plugin/library data or call target in its 2 instructions; cannot be decided from static refs
0x180052450,2,uncertain,no distinctive reference | prior=library,no plugin/library data or call target in its 2 instructions; cannot be decided from static refs
0x180052460,2,uncertain,no distinctive reference | prior=library,no plugin/library data or call target in its 2 instructions; cannot be decided from static refs
0x1800524a0,2,uncertain,no distinctive reference | prior=library,no plugin/library data or call target in its 2 instructions; cannot be decided from static refs
0x1800524b0,2,uncertain,no distinctive reference | prior=library,no plugin/library data or call target in its 2 instructions; cannot be decided from static refs
0x1800524c0,2,uncertain,no distinctive reference | prior=library,no plugin/library data or call target in its 2 instructions; cannot be decided from static refs
0x1800524d0,2,uncertain,no distinctive reference | prior=library,no plugin/library data or call target in its 2 instructions; cannot be decided from static refs
0x1800524e0,2,uncertain,no distinctive reference | prior=library,no plugin/library data or call target in its 2 instructions; cannot be decided from static refs
0x1800524f0,2,uncertain,no distinctive reference | prior=library,no plugin/library data or call target in its 2 instructions; cannot be decided from static refs
0x180052500,2,uncertain,no distinctive reference | prior=library,no plugin/library data or call target in its 2 instructions; cannot be decided from static refs
0x180052510,2,uncertain,no distinctive reference | prior=library,no plugin/library data or call target in its 2 instructions; cannot be decided from static refs
0x180052520,2,uncertain,no distinctive reference | prior=library,no plugin/library data or call target in its 2 instructions; cannot be decided from static refs
0x180052530,2,uncertain,no distinctive reference | prior=library,no plugin/library data or call target in its 2 instructions; cannot be decided from static refs
0x180052540,2,uncertain,no distinctive reference | prior=library,no plugin/library data or call target in its 2 instructions; cannot be decided from static refs
0x180052610,2,uncertain,no distinctive reference | prior=library,no plugin/library data or call target in its 2 instructions; cannot be decided from static refs
0x180052620,2,uncertain,no distinctive reference | prior=library,no plugin/library data or call target in its 2 instructions; cannot be decided from static refs
0x180052630,2,uncertain,no distinctive reference | prior=library,no plugin/library data or call target in its 2 instructions; cannot be decided from static refs
0x180052640,2,uncertain,no distinctive reference | prior=library,no plugin/library data or call target in its 2 instructions; cannot be decided from static refs
0x180052650,2,uncertain,no distinctive reference | prior=library,no plugin/library data or call target in its 2 instructions; cannot be decided from static refs
0x180052660,2,uncertain,no distinctive reference | prior=library,no plugin/library data or call target in its 2 instructions; cannot be decided from static refs
0x180052670,2,uncertain,no distinctive reference | prior=library,no plugin/library data or call target in its 2 instructions; cannot be decided from static refs
0x180052680,2,uncertain,no distinctive reference | prior=library,no plugin/library data or call target in its 2 instructions; cannot be decided from static refs
0x180052690,2,uncertain,no distinctive reference | prior=library,no plugin/library data or call target in its 2 instructions; cannot be decided from static refs
0x1800526a0,2,uncertain,no distinctive reference | prior=library,no plugin/library data or call target in its 2 instructions; cannot be decided from static refs
0x1800526e0,2,uncertain,no distinctive reference | prior=library,no plugin/library data or call target in its 2 instructions; cannot be decided from static refs
0x180052700,2,uncertain,no distinctive reference | prior=library,no plugin/library data or call target in its 2 instructions; cannot be decided from static refs
0x180052710,2,uncertain,no distinctive reference | prior=library,no plugin/library data or call target in its 2 instructions; cannot be decided from static refs
0x180052720,2,uncertain,no distinctive reference | prior=library,no plugin/library data or call target in its 2 instructions; cannot be decided from static refs
0x180052730,2,uncertain,no distinctive reference | prior=library,no plugin/library data or call target in its 2 instructions; cannot be decided from static refs
0x180052740,2,uncertain,no distinctive reference | prior=library,no plugin/library data or call target in its 2 instructions; cannot be decided from static refs
0x180052780,2,uncertain,no distinctive reference | prior=library,no plugin/library data or call target in its 2 instructions; cannot be decided from static refs
0x1800527c0,2,uncertain,no distinctive reference | prior=library,no plugin/library data or call target in its 2 instructions; cannot be decided from static refs
0x1800527d0,2,uncertain,no distinctive reference | prior=library,no plugin/library data or call target in its 2 instructions; cannot be decided from static refs
0x1800527e0,2,uncertain,no distinctive reference | prior=library,no plugin/library data or call target in its 2 instructions; cannot be decided from static refs
0x1800527f0,2,uncertain,no distinctive reference | prior=library,no plugin/library data or call target in its 2 instructions; cannot be decided from static refs
0x180052800,2,uncertain,no distinctive reference | prior=library,no plugin/library data or call target in its 2 instructions; cannot be decided from static refs
0x180052810,2,uncertain,no distinctive reference | prior=library,no plugin/library data or call target in its 2 instructions; cannot be decided from static refs
0x180052820,2,uncertain,no distinctive reference | prior=library,no plugin/library data or call target in its 2 instructions; cannot be decided from static refs
0x180052830,2,uncertain,no distinctive reference | prior=library,no plugin/library data or call target in its 2 instructions; cannot be decided from static refs
0x180052be0,2,uncertain,no distinctive reference | prior=library,no plugin/library data or call target in its 2 instructions; cannot be decided from static refs
0x180052d40,2,uncertain,no distinctive reference | prior=library,no plugin/library data or call target in its 2 instructions; cannot be decided from static refs
0x180052d60,2,uncertain,no distinctive reference | prior=library,no plugin/library data or call target in its 2 instructions; cannot be decided from static refs
0x180052d70,2,uncertain,no distinctive reference | prior=library,no plugin/library data or call target in its 2 instructions; cannot be decided from static refs
0x180052db0,2,uncertain,no distinctive reference | prior=library,no plugin/library data or call target in its 2 instructions; cannot be decided from static refs
0x180052dc0,2,uncertain,no distinctive reference | prior=library,no plugin/library data or call target in its 2 instructions; cannot be decided from static refs
0x180052dd0,2,uncertain,no distinctive reference | prior=library,no plugin/library data or call target in its 2 instructions; cannot be decided from static refs
0x180052de0,2,uncertain,no distinctive reference | prior=library,no plugin/library data or call target in its 2 instructions; cannot be decided from static refs
0x180052df0,2,uncertain,no distinctive reference | prior=library,no plugin/library data or call target in its 2 instructions; cannot be decided from static refs
0x180052e00,2,uncertain,no distinctive reference | prior=library,no plugin/library data or call target in its 2 instructions; cannot be decided from static refs
0x180052e40,2,uncertain,no distinctive reference | prior=library,no plugin/library data or call target in its 2 instructions; cannot be decided from static refs
0x180052eb0,2,uncertain,no distinctive reference | prior=library,no plugin/library data or call target in its 2 instructions; cannot be decided from static refs
0x180052ec0,2,uncertain,no distinctive reference | prior=library,no plugin/library data or call target in its 2 instructions; cannot be decided from static refs
0x180052ed0,2,uncertain,no distinctive reference | prior=library,no plugin/library data or call target in its 2 instructions; cannot be decided from static refs
0x180052ee0,2,uncertain,no distinctive reference | prior=library,no plugin/library data or call target in its 2 instructions; cannot be decided from static refs
0x180052ef0,2,uncertain,no distinctive reference | prior=library,no plugin/library data or call target in its 2 instructions; cannot be decided from static refs
0x180052f20,2,uncertain,no distinctive reference | prior=library,no plugin/library data or call target in its 2 instructions; cannot be decided from static refs
0x180052f60,2,uncertain,no distinctive reference | prior=library,no plugin/library data or call target in its 2 instructions; cannot be decided from static refs
0x180052fa0,2,uncertain,no distinctive reference | prior=library,no plugin/library data or call target in its 2 instructions; cannot be decided from static refs
0x180052fb0,2,uncertain,no distinctive reference | prior=library,no plugin/library data or call target in its 2 instructions; cannot be decided from static refs
0x180052fc0,2,uncertain,no distinctive reference | prior=library,no plugin/library data or call target in its 2 instructions; cannot be decided from static refs
0x180053040,2,uncertain,no distinctive reference | prior=library,no plugin/library data or call target in its 2 instructions; cannot be decided from static refs
0x180053050,2,uncertain,no distinctive reference | prior=library,no plugin/library data or call target in its 2 instructions; cannot be decided from static refs
0x180053060,2,uncertain,no distinctive reference | prior=library,no plugin/library data or call target in its 2 instructions; cannot be decided from static refs
0x180053070,2,uncertain,no distinctive reference | prior=library,no plugin/library data or call target in its 2 instructions; cannot be decided from static refs
0x180053080,2,uncertain,no distinctive reference | prior=library,no plugin/library data or call target in its 2 instructions; cannot be decided from static refs
0x1800530e0,2,uncertain,no distinctive reference | prior=library,no plugin/library data or call target in its 2 instructions; cannot be decided from static refs
0x180053110,2,uncertain,no distinctive reference | prior=library,no plugin/library data or call target in its 2 instructions; cannot be decided from static refs
0x180053180,2,uncertain,no distinctive reference | prior=library,no plugin/library data or call target in its 2 instructions; cannot be decided from static refs
0x180053190,2,uncertain,no distinctive reference | prior=library,no plugin/library data or call target in its 2 instructions; cannot be decided from static refs
0x1800531a0,2,uncertain,no distinctive reference | prior=library,no plugin/library data or call target in its 2 instructions; cannot be decided from static refs
0x1800531b0,2,uncertain,no distinctive reference | prior=library,no plugin/library data or call target in its 2 instructions; cannot be decided from static refs
0x1800531c0,2,uncertain,no distinctive reference | prior=library,no plugin/library data or call target in its 2 instructions; cannot be decided from static refs
0x1800531d0,2,uncertain,no distinctive reference | prior=library,no plugin/library data or call target in its 2 instructions; cannot be decided from static refs
0x1800531e0,2,uncertain,no distinctive reference | prior=library,no plugin/library data or call target in its 2 instructions; cannot be decided from static refs
0x1800531f0,2,uncertain,no distinctive reference | prior=library,no plugin/library data or call target in its 2 instructions; cannot be decided from static refs
0x180053200,2,uncertain,no distinctive reference | prior=library,no plugin/library data or call target in its 2 instructions; cannot be decided from static refs
0x180053210,2,uncertain,no distinctive reference | prior=library,no plugin/library data or call target in its 2 instructions; cannot be decided from static refs
0x180053220,2,uncertain,no distinctive reference | prior=library,no plugin/library data or call target in its 2 instructions; cannot be decided from static refs
0x180053230,2,uncertain,no distinctive reference | prior=library,no plugin/library data or call target in its 2 instructions; cannot be decided from static refs
0x180053240,2,uncertain,no distinctive reference | prior=library,no plugin/library data or call target in its 2 instructions; cannot be decided from static refs
0x180053250,2,uncertain,no distinctive reference | prior=library,no plugin/library data or call target in its 2 instructions; cannot be decided from static refs
0x180053260,2,uncertain,no distinctive reference | prior=library,no plugin/library data or call target in its 2 instructions; cannot be decided from static refs
0x180053270,2,uncertain,no distinctive reference | prior=library,no plugin/library data or call target in its 2 instructions; cannot be decided from static refs
0x180053280,2,uncertain,no distinctive reference | prior=library,no plugin/library data or call target in its 2 instructions; cannot be decided from static refs
0x180053290,2,uncertain,no distinctive reference | prior=library,no plugin/library data or call target in its 2 instructions; cannot be decided from static refs
0x1800532a0,2,uncertain,no distinctive reference | prior=library,no plugin/library data or call target in its 2 instructions; cannot be decided from static refs
0x1800532b0,2,uncertain,no distinctive reference | prior=library,no plugin/library data or call target in its 2 instructions; cannot be decided from static refs
0x1800532c0,2,uncertain,no distinctive reference | prior=library,no plugin/library data or call target in its 2 instructions; cannot be decided from static refs
0x180053300,2,uncertain,no distinctive reference | prior=library,no plugin/library data or call target in its 2 instructions; cannot be decided from static refs
0x180053310,2,uncertain,no distinctive reference | prior=library,no plugin/library data or call target in its 2 instructions; cannot be decided from static refs
0x180053320,2,uncertain,no distinctive reference | prior=library,no plugin/library data or call target in its 2 instructions; cannot be decided from static refs
0x180053330,2,uncertain,no distinctive reference | prior=library,no plugin/library data or call target in its 2 instructions; cannot be decided from static refs
0x180053340,2,uncertain,no distinctive reference | prior=library,no plugin/library data or call target in its 2 instructions; cannot be decided from static refs
0x180053350,2,uncertain,no distinctive reference | prior=library,no plugin/library data or call target in its 2 instructions; cannot be decided from static refs
0x180053360,2,uncertain,no distinctive reference | prior=library,no plugin/library data or call target in its 2 instructions; cannot be decided from static refs
0x180053370,2,uncertain,no distinctive reference | prior=library,no plugin/library data or call target in its 2 instructions; cannot be decided from static refs
0x180053380,2,uncertain,no distinctive reference | prior=library,no plugin/library data or call target in its 2 instructions; cannot be decided from static refs
0x180053390,2,uncertain,no distinctive reference | prior=library,no plugin/library data or call target in its 2 instructions; cannot be decided from static refs
0x1800533a0,2,uncertain,no distinctive reference | prior=library,no plugin/library data or call target in its 2 instructions; cannot be decided from static refs
0x1800533b0,2,uncertain,no distinctive reference | prior=library,no plugin/library data or call target in its 2 instructions; cannot be decided from static refs
0x1800533c0,2,uncertain,no distinctive reference | prior=library,no plugin/library data or call target in its 2 instructions; cannot be decided from static refs
0x1800533d0,2,uncertain,no distinctive reference | prior=library,no plugin/library data or call target in its 2 instructions; cannot be decided from static refs
0x1800533e0,2,uncertain,no distinctive reference | prior=library,no plugin/library data or call target in its 2 instructions; cannot be decided from static refs
0x1800533f0,2,uncertain,no distinctive reference | prior=library,no plugin/library data or call target in its 2 instructions; cannot be decided from static refs
0x180053400,2,uncertain,no distinctive reference | prior=library,no plugin/library data or call target in its 2 instructions; cannot be decided from static refs
0x180053410,2,uncertain,no distinctive reference | prior=library,no plugin/library data or call target in its 2 instructions; cannot be decided from static refs
0x180053450,2,uncertain,no distinctive reference | prior=library,no plugin/library data or call target in its 2 instructions; cannot be decided from static refs
0x180053460,2,uncertain,no distinctive reference | prior=library,no plugin/library data or call target in its 2 instructions; cannot be decided from static refs
0x180053470,2,uncertain,no distinctive reference | prior=library,no plugin/library data or call target in its 2 instructions; cannot be decided from static refs
0x180053480,2,uncertain,no distinctive reference | prior=library,no plugin/library data or call target in its 2 instructions; cannot be decided from static refs
0x180053490,2,uncertain,no distinctive reference | prior=library,no plugin/library data or call target in its 2 instructions; cannot be decided from static refs
0x1800534a0,2,uncertain,no distinctive reference | prior=library,no plugin/library data or call target in its 2 instructions; cannot be decided from static refs
0x1800534b0,2,uncertain,no distinctive reference | prior=library,no plugin/library data or call target in its 2 instructions; cannot be decided from static refs
0x1800534c0,2,uncertain,no distinctive reference | prior=library,no plugin/library data or call target in its 2 instructions; cannot be decided from static refs
0x1800534d0,2,uncertain,no distinctive reference | prior=library,no plugin/library data or call target in its 2 instructions; cannot be decided from static refs
0x180053540,2,uncertain,no distinctive reference | prior=library,no plugin/library data or call target in its 2 instructions; cannot be decided from static refs
0x180053550,2,uncertain,no distinctive reference | prior=library,no plugin/library data or call target in its 2 instructions; cannot be decided from static refs
0x1800535a0,2,uncertain,no distinctive reference | prior=library,no plugin/library data or call target in its 2 instructions; cannot be decided from static refs
0x1800535b0,2,uncertain,no distinctive reference | prior=library,no plugin/library data or call target in its 2 instructions; cannot be decided from static refs
0x1800535c0,2,uncertain,no distinctive reference | prior=library,no plugin/library data or call target in its 2 instructions; cannot be decided from static refs
0x1800535d0,2,uncertain,no distinctive reference | prior=library,no plugin/library data or call target in its 2 instructions; cannot be decided from static refs
0x1800536b0,2,uncertain,no distinctive reference | prior=library,no plugin/library data or call target in its 2 instructions; cannot be decided from static refs
0x1800536c0,2,uncertain,no distinctive reference | prior=library,no plugin/library data or call target in its 2 instructions; cannot be decided from static refs
0x1800536d0,2,uncertain,no distinctive reference | prior=library,no plugin/library data or call target in its 2 instructions; cannot be decided from static refs
0x180053760,2,uncertain,no distinctive reference | prior=library,no plugin/library data or call target in its 2 instructions; cannot be decided from static refs
0x1800537b0,2,uncertain,no distinctive reference | prior=library,no plugin/library data or call target in its 2 instructions; cannot be decided from static refs
0x180053820,2,uncertain,no distinctive reference | prior=library,no plugin/library data or call target in its 2 instructions; cannot be decided from static refs
0x180053850,2,uncertain,no distinctive reference | prior=library,no plugin/library data or call target in its 2 instructions; cannot be decided from static refs
0x180053880,2,uncertain,no distinctive reference | prior=library,no plugin/library data or call target in its 2 instructions; cannot be decided from static refs
0x180053890,2,uncertain,no distinctive reference | prior=library,no plugin/library data or call target in its 2 instructions; cannot be decided from static refs
0x1800538a0,2,uncertain,no distinctive reference | prior=library,no plugin/library data or call target in its 2 instructions; cannot be decided from static refs
0x1800538b0,2,uncertain,no distinctive reference | prior=library,no plugin/library data or call target in its 2 instructions; cannot be decided from static refs
0x1800538c0,2,uncertain,no distinctive reference | prior=library,no plugin/library data or call target in its 2 instructions; cannot be decided from static refs
0x1800538d0,2,uncertain,no distinctive reference | prior=library,no plugin/library data or call target in its 2 instructions; cannot be decided from static refs
0x1800538e0,2,uncertain,no distinctive reference | prior=library,no plugin/library data or call target in its 2 instructions; cannot be decided from static refs
0x180053a30,2,uncertain,no distinctive reference | prior=library,no plugin/library data or call target in its 2 instructions; cannot be decided from static refs
0x180053a40,2,uncertain,no distinctive reference | prior=library,no plugin/library data or call target in its 2 instructions; cannot be decided from static refs
0x180053a80,2,uncertain,no distinctive reference | prior=library,no plugin/library data or call target in its 2 instructions; cannot be decided from static refs
0x180053a90,2,uncertain,no distinctive reference | prior=library,no plugin/library data or call target in its 2 instructions; cannot be decided from static refs
0x180053aa0,2,uncertain,no distinctive reference | prior=library,no plugin/library data or call target in its 2 instructions; cannot be decided from static refs
0x180053ab0,2,uncertain,no distinctive reference | prior=library,no plugin/library data or call target in its 2 instructions; cannot be decided from static refs
0x180053ac0,2,uncertain,no distinctive reference | prior=library,no plugin/library data or call target in its 2 instructions; cannot be decided from static refs
0x180053ad0,2,uncertain,no distinctive reference | prior=library,no plugin/library data or call target in its 2 instructions; cannot be decided from static refs
0x180053ae0,2,uncertain,no distinctive reference | prior=library,no plugin/library data or call target in its 2 instructions; cannot be decided from static refs
0x180053af0,2,uncertain,no distinctive reference | prior=library,no plugin/library data or call target in its 2 instructions; cannot be decided from static refs
0x180053b30,2,uncertain,no distinctive reference | prior=library,no plugin/library data or call target in its 2 instructions; cannot be decided from static refs
0x180053b40,2,uncertain,no distinctive reference | prior=library,no plugin/library data or call target in its 2 instructions; cannot be decided from static refs
0x180053b50,2,uncertain,no distinctive reference | prior=library,no plugin/library data or call target in its 2 instructions; cannot be decided from static refs
0x180053b60,2,uncertain,no distinctive reference | prior=library,no plugin/library data or call target in its 2 instructions; cannot be decided from static refs
0x180053b70,2,uncertain,no distinctive reference | prior=library,no plugin/library data or call target in its 2 instructions; cannot be decided from static refs
0x180053b80,2,uncertain,no distinctive reference | prior=library,no plugin/library data or call target in its 2 instructions; cannot be decided from static refs
0x180053e50,2,uncertain,no distinctive reference | prior=library,no plugin/library data or call target in its 2 instructions; cannot be decided from static refs
0x180053e90,2,uncertain,no distinctive reference | prior=library,no plugin/library data or call target in its 2 instructions; cannot be decided from static refs
0x180053ea0,2,uncertain,no distinctive reference | prior=library,no plugin/library data or call target in its 2 instructions; cannot be decided from static refs
0x180053eb0,2,uncertain,no distinctive reference | prior=library,no plugin/library data or call target in its 2 instructions; cannot be decided from static refs
0x180053f10,2,uncertain,no distinctive reference | prior=library,no plugin/library data or call target in its 2 instructions; cannot be decided from static refs
0x180053f20,2,uncertain,no distinctive reference | prior=library,no plugin/library data or call target in its 2 instructions; cannot be decided from static refs
0x180053f30,2,uncertain,no distinctive reference | prior=library,no plugin/library data or call target in its 2 instructions; cannot be decided from static refs
0x180053f40,2,uncertain,no distinctive reference | prior=library,no plugin/library data or call target in its 2 instructions; cannot be decided from static refs
0x180053f50,2,uncertain,no distinctive reference | prior=library,no plugin/library data or call target in its 2 instructions; cannot be decided from static refs
0x180053f90,2,uncertain,no distinctive reference | prior=library,no plugin/library data or call target in its 2 instructions; cannot be decided from static refs
0x180053fa0,2,uncertain,no distinctive reference | prior=library,no plugin/library data or call target in its 2 instructions; cannot be decided from static refs
0x180053fb0,2,uncertain,no distinctive reference | prior=library,no plugin/library data or call target in its 2 instructions; cannot be decided from static refs
0x180053fc0,2,uncertain,no distinctive reference | prior=library,no plugin/library data or call target in its 2 instructions; cannot be decided from static refs
0x180053fd0,2,uncertain,no distinctive reference | prior=library,no plugin/library data or call target in its 2 instructions; cannot be decided from static refs
0x180053fe0,2,uncertain,no distinctive reference | prior=library,no plugin/library data or call target in its 2 instructions; cannot be decided from static refs
0x180053ff0,2,uncertain,no distinctive reference | prior=library,no plugin/library data or call target in its 2 instructions; cannot be decided from static refs
0x180054000,2,uncertain,no distinctive reference | prior=library,no plugin/library data or call target in its 2 instructions; cannot be decided from static refs
0x180054020,2,uncertain,no distinctive reference | prior=library,no plugin/library data or call target in its 2 instructions; cannot be decided from static refs
0x180054030,2,uncertain,no distinctive reference | prior=library,no plugin/library data or call target in its 2 instructions; cannot be decided from static refs
0x180054040,2,uncertain,no distinctive reference | prior=library,no plugin/library data or call target in its 2 instructions; cannot be decided from static refs
0x180054050,2,uncertain,no distinctive reference | prior=library,no plugin/library data or call target in its 2 instructions; cannot be decided from static refs
0x180054060,2,uncertain,no distinctive reference | prior=library,no plugin/library data or call target in its 2 instructions; cannot be decided from static refs
0x180054070,2,uncertain,no distinctive reference | prior=library,no plugin/library data or call target in its 2 instructions; cannot be decided from static refs
0x180054080,2,uncertain,no distinctive reference | prior=library,no plugin/library data or call target in its 2 instructions; cannot be decided from static refs
0x180054090,2,uncertain,no distinctive reference | prior=library,no plugin/library data or call target in its 2 instructions; cannot be decided from static refs
0x1800540a0,2,uncertain,no distinctive reference | prior=library,no plugin/library data or call target in its 2 instructions; cannot be decided from static refs
0x1800540b0,2,uncertain,no distinctive reference | prior=library,no plugin/library data or call target in its 2 instructions; cannot be decided from static refs
0x1800540c0,2,uncertain,no distinctive reference | prior=library,no plugin/library data or call target in its 2 instructions; cannot be decided from static refs
0x1800540d0,2,uncertain,no distinctive reference | prior=library,no plugin/library data or call target in its 2 instructions; cannot be decided from static refs
0x1800540e0,2,uncertain,no distinctive reference | prior=library,no plugin/library data or call target in its 2 instructions; cannot be decided from static refs
0x1800540f0,2,uncertain,no distinctive reference | prior=library,no plugin/library data or call target in its 2 instructions; cannot be decided from static refs
0x180054100,2,uncertain,no distinctive reference | prior=library,no plugin/library data or call target in its 2 instructions; cannot be decided from static refs
0x180054110,2,uncertain,no distinctive reference | prior=library,no plugin/library data or call target in its 2 instructions; cannot be decided from static refs
0x180054120,2,uncertain,no distinctive reference | prior=library,no plugin/library data or call target in its 2 instructions; cannot be decided from static refs
0x180054130,2,uncertain,no distinctive reference | prior=library,no plugin/library data or call target in its 2 instructions; cannot be decided from static refs
0x180054140,2,uncertain,no distinctive reference | prior=library,no plugin/library data or call target in its 2 instructions; cannot be decided from static refs
0x180054150,2,uncertain,no distinctive reference | prior=library,no plugin/library data or call target in its 2 instructions; cannot be decided from static refs
0x180054160,2,uncertain,no distinctive reference | prior=library,no plugin/library data or call target in its 2 instructions; cannot be decided from static refs
0x180054170,2,uncertain,no distinctive reference | prior=library,no plugin/library data or call target in its 2 instructions; cannot be decided from static refs
0x180054180,2,uncertain,no distinctive reference | prior=library,no plugin/library data or call target in its 2 instructions; cannot be decided from static refs
0x180054190,2,uncertain,no distinctive reference | prior=library,no plugin/library data or call target in its 2 instructions; cannot be decided from static refs
0x1800541a0,2,uncertain,no distinctive reference | prior=library,no plugin/library data or call target in its 2 instructions; cannot be decided from static refs
0x1800541b0,2,uncertain,no distinctive reference | prior=library,no plugin/library data or call target in its 2 instructions; cannot be decided from static refs
0x1800541c0,2,uncertain,no distinctive reference | prior=library,no plugin/library data or call target in its 2 instructions; cannot be decided from static refs
0x1800541d0,2,uncertain,no distinctive reference | prior=library,no plugin/library data or call target in its 2 instructions; cannot be decided from static refs
0x1800541e0,2,uncertain,no distinctive reference | prior=library,no plugin/library data or call target in its 2 instructions; cannot be decided from static refs
0x1800541f0,2,uncertain,no distinctive reference | prior=library,no plugin/library data or call target in its 2 instructions; cannot be decided from static refs
0x180054200,2,uncertain,no distinctive reference | prior=library,no plugin/library data or call target in its 2 instructions; cannot be decided from static refs
0x180054210,2,uncertain,no distinctive reference | prior=library,no plugin/library data or call target in its 2 instructions; cannot be decided from static refs
0x180054220,2,uncertain,no distinctive reference | prior=library,no plugin/library data or call target in its 2 instructions; cannot be decided from static refs
0x180054230,2,uncertain,no distinctive reference | prior=library,no plugin/library data or call target in its 2 instructions; cannot be decided from static refs
0x180054240,2,uncertain,no distinctive reference | prior=library,no plugin/library data or call target in its 2 instructions; cannot be decided from static refs
0x180054250,2,uncertain,no distinctive reference | prior=library,no plugin/library data or call target in its 2 instructions; cannot be decided from static refs
0x180054260,2,uncertain,no distinctive reference | prior=library,no plugin/library data or call target in its 2 instructions; cannot be decided from static refs
0x180054270,2,uncertain,no distinctive reference | prior=library,no plugin/library data or call target in its 2 instructions; cannot be decided from static refs
0x180054280,2,uncertain,no distinctive reference | prior=library,no plugin/library data or call target in its 2 instructions; cannot be decided from static refs
0x180054290,2,uncertain,no distinctive reference | prior=library,no plugin/library data or call target in its 2 instructions; cannot be decided from static refs
0x1800542a0,2,uncertain,no distinctive reference | prior=library,no plugin/library data or call target in its 2 instructions; cannot be decided from static refs
0x1800542b0,2,uncertain,no distinctive reference | prior=library,no plugin/library data or call target in its 2 instructions; cannot be decided from static refs
0x1800542c0,2,uncertain,no distinctive reference | prior=library,no plugin/library data or call target in its 2 instructions; cannot be decided from static refs
0x1800542f0,2,uncertain,no distinctive reference | prior=library,no plugin/library data or call target in its 2 instructions; cannot be decided from static refs
0x180054300,2,uncertain,no distinctive reference | prior=library,no plugin/library data or call target in its 2 instructions; cannot be decided from static refs
0x180054340,2,uncertain,no distinctive reference | prior=library,no plugin/library data or call target in its 2 instructions; cannot be decided from static refs
0x1800543e0,2,uncertain,no distinctive reference | prior=library,no plugin/library data or call target in its 2 instructions; cannot be decided from static refs
0x180054400,2,uncertain,no distinctive reference | prior=library,no plugin/library data or call target in its 2 instructions; cannot be decided from static refs
0x180054410,2,uncertain,no distinctive reference | prior=library,no plugin/library data or call target in its 2 instructions; cannot be decided from static refs
0x180054480,2,uncertain,no distinctive reference | prior=library,no plugin/library data or call target in its 2 instructions; cannot be decided from static refs
0x1800544f0,2,uncertain,no distinctive reference | prior=library,no plugin/library data or call target in its 2 instructions; cannot be decided from static refs
0x180054670,2,uncertain,no distinctive reference | prior=library,no plugin/library data or call target in its 2 instructions; cannot be decided from static refs
0x180054680,2,uncertain,no distinctive reference | prior=library,no plugin/library data or call target in its 2 instructions; cannot be decided from static refs
0x1800546a0,2,uncertain,no distinctive reference | prior=library,no plugin/library data or call target in its 2 instructions; cannot be decided from static refs
0x1800546b0,2,uncertain,no distinctive reference | prior=library,no plugin/library data or call target in its 2 instructions; cannot be decided from static refs
0x1800546c0,2,uncertain,no distinctive reference | prior=library,no plugin/library data or call target in its 2 instructions; cannot be decided from static refs
0x1800546f0,2,uncertain,no distinctive reference | prior=library,no plugin/library data or call target in its 2 instructions; cannot be decided from static refs
0x180054720,2,uncertain,no distinctive reference | prior=library,no plugin/library data or call target in its 2 instructions; cannot be decided from static refs
0x180054730,2,uncertain,no distinctive reference | prior=library,no plugin/library data or call target in its 2 instructions; cannot be decided from static refs
0x180054810,2,uncertain,no distinctive reference | prior=library,no plugin/library data or call target in its 2 instructions; cannot be decided from static refs
0x180054880,2,uncertain,no distinctive reference | prior=library,no plugin/library data or call target in its 2 instructions; cannot be decided from static refs
0x1800548a0,2,uncertain,no distinctive reference | prior=library,no plugin/library data or call target in its 2 instructions; cannot be decided from static refs
0x1800548b0,2,uncertain,no distinctive reference | prior=library,no plugin/library data or call target in its 2 instructions; cannot be decided from static refs
0x1800548c0,2,uncertain,no distinctive reference | prior=library,no plugin/library data or call target in its 2 instructions; cannot be decided from static refs
0x1800548d0,2,uncertain,no distinctive reference | prior=library,no plugin/library data or call target in its 2 instructions; cannot be decided from static refs
0x1800548e0,2,uncertain,no distinctive reference | prior=library,no plugin/library data or call target in its 2 instructions; cannot be decided from static refs
0x1800548f0,2,uncertain,no distinctive reference | prior=library,no plugin/library data or call target in its 2 instructions; cannot be decided from static refs
0x180054900,2,uncertain,no distinctive reference | prior=library,no plugin/library data or call target in its 2 instructions; cannot be decided from static refs
0x180054910,2,uncertain,no distinctive reference | prior=library,no plugin/library data or call target in its 2 instructions; cannot be decided from static refs
0x180054940,2,uncertain,no distinctive reference | prior=library,no plugin/library data or call target in its 2 instructions; cannot be decided from static refs
0x180054950,2,uncertain,no distinctive reference | prior=library,no plugin/library data or call target in its 2 instructions; cannot be decided from static refs
0x180054960,2,uncertain,no distinctive reference | prior=library,no plugin/library data or call target in its 2 instructions; cannot be decided from static refs
0x180054b70,2,uncertain,no distinctive reference | prior=library,no plugin/library data or call target in its 2 instructions; cannot be decided from static refs
0x180054bd0,2,uncertain,no distinctive reference | prior=library,no plugin/library data or call target in its 2 instructions; cannot be decided from static refs
0x180054be0,2,uncertain,no distinctive reference | prior=library,no plugin/library data or call target in its 2 instructions; cannot be decided from static refs
0x180054bf0,2,uncertain,no distinctive reference | prior=library,no plugin/library data or call target in its 2 instructions; cannot be decided from static refs
0x180054c00,2,uncertain,no distinctive reference | prior=library,no plugin/library data or call target in its 2 instructions; cannot be decided from static refs
0x180055080,2,uncertain,no distinctive reference | prior=library,no plugin/library data or call target in its 2 instructions; cannot be decided from static refs
0x180007e01,1,uncertain,no distinctive reference | prior=library,no plugin/library data or call target in its 1 instructions; cannot be decided from static refs
0x180010810,1,uncertain,no distinctive reference | prior=library,no plugin/library data or call target in its 1 instructions; cannot be decided from static refs
0x180010a20,1,uncertain,no distinctive reference | prior=library,no plugin/library data or call target in its 1 instructions; cannot be decided from static refs
0x180010c30,1,uncertain,no distinctive reference | prior=library,no plugin/library data or call target in its 1 instructions; cannot be decided from static refs
0x180010ca0,1,uncertain,no distinctive reference | prior=library,no plugin/library data or call target in its 1 instructions; cannot be decided from static refs
0x18001368e,1,uncertain,no distinctive reference | prior=library,no plugin/library data or call target in its 1 instructions; cannot be decided from static refs
0x180013a10,1,uncertain,no distinctive reference | prior=plugin,no plugin/library data or call target in its 1 instructions; cannot be decided from static refs
0x180013a18,1,uncertain,no distinctive reference | prior=library,no plugin/library data or call target in its 1 instructions; cannot be decided from static refs
0x18001e501,1,uncertain,no distinctive reference | prior=library,no plugin/library data or call target in its 1 instructions; cannot be decided from static refs
0x18001e6e0,1,uncertain,no distinctive reference | prior=library,no plugin/library data or call target in its 1 instructions; cannot be decided from static refs
0x180023990,1,uncertain,no distinctive reference | prior=library,no plugin/library data or call target in its 1 instructions; cannot be decided from static refs
0x180023a70,1,uncertain,no distinctive reference | prior=library,no plugin/library data or call target in its 1 instructions; cannot be decided from static refs
0x18002a8a0,1,uncertain,no distinctive reference | prior=plugin,no plugin/library data or call target in its 1 instructions; cannot be decided from static refs
0x18002a8a8,1,uncertain,no distinctive reference | prior=library,no plugin/library data or call target in its 1 instructions; cannot be decided from static refs
0x180037f80,1,uncertain,no distinctive reference | prior=library,no plugin/library data or call target in its 1 instructions; cannot be decided from static refs
0x180037fa0,1,uncertain,no distinctive reference | prior=library,no plugin/library data or call target in its 1 instructions; cannot be decided from static refs
0x180037fb0,1,uncertain,no distinctive reference | prior=library,no plugin/library data or call target in its 1 instructions; cannot be decided from static refs
0x180037fc0,1,uncertain,no distinctive reference | prior=library,no plugin/library data or call target in its 1 instructions; cannot be decided from static refs
0x180046b50,1,uncertain,no distinctive reference | prior=library,no plugin/library data or call target in its 1 instructions; cannot be decided from static refs
0x18004fae0,1,uncertain,no distinctive reference | prior=library,no plugin/library data or call target in its 1 instructions; cannot be decided from static refs
0x1800509f6,1,uncertain,no distinctive reference | prior=library,no plugin/library data or call target in its 1 instructions; cannot be decided from static refs
0x1800512f0,1,uncertain,no distinctive reference | prior=library,no plugin/library data or call target in its 1 instructions; cannot be decided from static refs
0x180051866,1,uncertain,no distinctive reference | prior=library,no plugin/library data or call target in its 1 instructions; cannot be decided from static refs
0x180051886,1,uncertain,no distinctive reference | prior=library,no plugin/library data or call target in its 1 instructions; cannot be decided from static refs
0x180054f70,1,uncertain,no distinctive reference | prior=library,no plugin/library data or call target in its 1 instructions; cannot be decided from static refs
0x180054f80,1,uncertain,no distinctive reference | prior=library,no plugin/library data or call target in its 1 instructions; cannot be decided from static refs
0x180047b60,194,library,import api-ms-win-crt-filesystem-l1-1-0.dll!_mkdir; import api-ms-win-crt-filesystem-l1-1-0.dll!_stat64i32 | prior=plugin,references spdlog/std/fmt/CLNG import or string -> library code
0x180025ce0,169,library,import api-ms-win-crt-runtime-l1-1-0.dll!_invoke_watson | prior=plugin,references spdlog/std/fmt/CLNG import or string -> library code
0x180021550,127,library,import api-ms-win-crt-runtime-l1-1-0.dll!_invoke_watson | prior=plugin,references spdlog/std/fmt/CLNG import or string -> library code
0x180021a20,127,library,import api-ms-win-crt-runtime-l1-1-0.dll!_invoke_watson | prior=plugin,references spdlog/std/fmt/CLNG import or string -> library code
0x180021ec0,127,library,import api-ms-win-crt-runtime-l1-1-0.dll!_invoke_watson | prior=plugin,references spdlog/std/fmt/CLNG import or string -> library code
0x180022be0,127,library,import api-ms-win-crt-runtime-l1-1-0.dll!_invoke_watson | prior=plugin,references spdlog/std/fmt/CLNG import or string -> library code
0x1800217d0,122,library,import api-ms-win-crt-runtime-l1-1-0.dll!_invoke_watson | prior=plugin,references spdlog/std/fmt/CLNG import or string -> library code
0x180021320,117,library,import api-ms-win-crt-runtime-l1-1-0.dll!_invoke_watson | prior=plugin,references spdlog/std/fmt/CLNG import or string -> library code
0x180021ca0,117,library,import api-ms-win-crt-runtime-l1-1-0.dll!_invoke_watson | prior=plugin,references spdlog/std/fmt/CLNG import or string -> library code
0x180022340,117,library,import api-ms-win-crt-runtime-l1-1-0.dll!_invoke_watson | prior=plugin,references spdlog/std/fmt/CLNG import or string -> library code
0x180022570,117,library,import api-ms-win-crt-runtime-l1-1-0.dll!_invoke_watson | prior=plugin,references spdlog/std/fmt/CLNG import or string -> library code
0x1800229b0,117,library,import api-ms-win-crt-runtime-l1-1-0.dll!_invoke_watson | prior=plugin,references spdlog/std/fmt/CLNG import or string -> library code
0x180021110,112,library,import api-ms-win-crt-runtime-l1-1-0.dll!_invoke_watson | prior=plugin,references spdlog/std/fmt/CLNG import or string -> library code
0x1800227a0,112,library,import api-ms-win-crt-runtime-l1-1-0.dll!_invoke_watson | prior=plugin,references spdlog/std/fmt/CLNG import or string -> library code
0x180022e60,112,library,import api-ms-win-crt-runtime-l1-1-0.dll!_invoke_watson | prior=plugin,references spdlog/std/fmt/CLNG import or string -> library code
0x18000fef0,102,library,import api-ms-win-crt-runtime-l1-1-0.dll!_beginthreadex | prior=plugin,references spdlog/std/fmt/CLNG import or string -> library code
0x18001e000,100,library,import api-ms-win-crt-runtime-l1-1-0.dll!abort | prior=library,references spdlog/std/fmt/CLNG import or string -> library code
0x180014dfb,84,library,import MSVCP140.dll!?tolower@?$ctype@D@std@@QEBADD@Z | prior=library,references spdlog/std/fmt/CLNG import or string -> library code
0x180010b20,55,library,import api-ms-win-crt-runtime-l1-1-0.dll!terminate | prior=library,references spdlog/std/fmt/CLNG import or string -> library code
0x180017e30,45,library,import api-ms-win-crt-heap-l1-1-0.dll!realloc | prior=library,references spdlog/std/fmt/CLNG import or string -> library code
0x18004fb6c,45,library,import KERNEL32.dll!GetTickCount64; import KERNEL32.dll!SleepConditionVariableSRW; import KERNEL32.dll!GetCurrentThreadId | prior=library,references spdlog/std/fmt/CLNG import or string -> library code
0x180015a10,43,library,import api-ms-win-crt-runtime-l1-1-0.dll!_invoke_watson | prior=library,references spdlog/std/fmt/CLNG import or string -> library code
0x180010990,40,library,import api-ms-win-crt-runtime-l1-1-0.dll!_invoke_watson | prior=library,references spdlog/std/fmt/CLNG import or string -> library code
0x180007e68,39,library,import api-ms-win-crt-runtime-l1-1-0.dll!_invoke_watson | prior=library,references spdlog/std/fmt/CLNG import or string -> library code
0x180054dfb,19,library,import api-ms-win-crt-runtime-l1-1-0.dll!_invoke_watson | prior=library,references spdlog/std/fmt/CLNG import or string -> library code
0x18004fb10,15,library,import MSVCP140.dll!?_Xbad_alloc@std@@YAXXZ; import MSVCP140.dll!?_Xlength_error@std@@YAXPEBD@Z; import MSVCP140.dll!?_Xout_of_range@std@@YAXPEBD@Z | prior=library,references spdlog/std/fmt/CLNG import or string -> library code
0x180010cb0,7,library,import api-ms-win-crt-runtime-l1-1-0.dll!terminate | prior=library,references spdlog/std/fmt/CLNG import or string -> library code
0x1800108fb,6,library,import api-ms-win-crt-runtime-l1-1-0.dll!_invoke_watson | prior=library,references spdlog/std/fmt/CLNG import or string -> library code
0x18004fc04,3,library,import MSVCP140.dll!?_Throw_Cpp_error@std@@YAXH@Z | prior=library,references spdlog/std/fmt/CLNG import or string -> library code
0x18004fcec,3,library,import KERNEL32.dll!LocalFree; import MSVCP140.dll!?_Syserror_map@std@@YAPEBDH@Z; import MSVCP140.dll!?_Winerror_map@std@@YAHH@Z | prior=library,references spdlog/std/fmt/CLNG import or string -> library code
0x180053620,3,library,import MSVCP140.dll!??1?$basic_istream@_WU?$char_traits@_W@std@@@std@@UEAA@XZ | prior=library,references spdlog/std/fmt/CLNG import or string -> library code
0x1800516b4,2,library,import KERNEL32.dll!InitializeSListHead | prior=library,references spdlog/std/fmt/CLNG import or string -> library code
0x180051ff0,2,library,import MSVCP140.dll!??1_Lockit@std@@QEAA@XZ | prior=library,references spdlog/std/fmt/CLNG import or string -> library code
0x180052090,2,library,import MSVCP140.dll!??1facet@locale@std@@MEAA@XZ | prior=library,references spdlog/std/fmt/CLNG import or string -> library code
0x1800520a0,2,library,import MSVCP140.dll!??1_Lockit@std@@QEAA@XZ | prior=library,references spdlog/std/fmt/CLNG import or string -> library code
0x180052110,2,library,import MSVCP140.dll!??1facet@locale@std@@MEAA@XZ | prior=library,references spdlog/std/fmt/CLNG import or string -> library code
0x1800521d0,2,library,import MSVCP140.dll!??1_Lockit@std@@QEAA@XZ | prior=library,references spdlog/std/fmt/CLNG import or string -> library code
0x180053640,2,library,import MSVCP140.dll!??1?$basic_streambuf@_WU?$char_traits@_W@std@@@std@@UEAA@XZ | prior=library,references spdlog/std/fmt/CLNG import or string -> library code
0x1800536e0,2,library,import MSVCP140.dll!??1_Lockit@std@@QEAA@XZ | prior=library,references spdlog/std/fmt/CLNG import or string -> library code
0x180053950,2,library,import MSVCP140.dll!??1?$basic_streambuf@DU?$char_traits@D@std@@@std@@UEAA@XZ | prior=library,references spdlog/std/fmt/CLNG import or string -> library code
0x18002e3b0,1,library,import KERNEL32.dll!CreateFileMappingW | prior=plugin,references spdlog/std/fmt/CLNG import or string -> library code
0x18002e3d0,1,library,import KERNEL32.dll!GetCurrentProcess | prior=plugin,references spdlog/std/fmt/CLNG import or string -> library code
0x18002e3f0,1,library,import KERNEL32.dll!GetEnvironmentVariableW | prior=plugin,references spdlog/std/fmt/CLNG import or string -> library code
0x18002e400,1,library,import KERNEL32.dll!GetModuleFileNameW | prior=plugin,references spdlog/std/fmt/CLNG import or string -> library code
0x18002e410,1,library,import KERNEL32.dll!GetModuleHandleW | prior=plugin,references spdlog/std/fmt/CLNG import or string -> library code
0x18002e470,1,library,import KERNEL32.dll!MultiByteToWideChar | prior=plugin,references spdlog/std/fmt/CLNG import or string -> library code
0x18002e490,1,library,import KERNEL32.dll!Sleep | prior=plugin,references spdlog/std/fmt/CLNG import or string -> library code
0x18002e4e0,1,library,import KERNEL32.dll!WideCharToMultiByte | prior=plugin,references spdlog/std/fmt/CLNG import or string -> library code
0x18002e4f0,1,library,import USER32.dll!MessageBoxW | prior=plugin,references spdlog/std/fmt/CLNG import or string -> library code
0x180039f60,1,library,import VERSION.dll!GetFileVersionInfoSizeW | prior=plugin,references spdlog/std/fmt/CLNG import or string -> library code
0x18003a400,1,library,import ole32.dll!CoTaskMemFree | prior=library,references spdlog/std/fmt/CLNG import or string -> library code
0x18004ec0c,1,library,import MSVCP140.dll!??1_Lockit@std@@QEAA@XZ | prior=library,references spdlog/std/fmt/CLNG import or string -> library code
